,date,open,high,low,close
0,2016-08-24,3.95,3.96,3.61,3.84
1,2016-08-25,3.84,3.88,3.75,3.81
2,2016-08-26,3.81,3.9,3.77,3.81
3,2016-08-27,3.81,3.85,3.62,3.78
4,2016-08-28,3.78,3.78,3.62,3.72
5,2016-08-29,3.72,3.84,3.7,3.77
6,2016-08-30,3.77,3.85,3.74,3.81
7,2016-08-31,3.81,3.85,3.74,3.74
8,2016-09-01,3.74,3.9,3.26,3.66
9,2016-09-02,3.66,4.35,3.65,3.84
10,2016-09-03,3.84,3.99,3.8,3.88
11,2016-09-04,3.88,4.08,3.85,4.02
12,2016-09-05,4.02,4.07,3.94,3.96
13,2016-09-06,3.96,3.98,3.91,3.95
14,2016-09-07,3.95,4.03,3.91,3.96
15,2016-09-08,3.96,4.03,3.95,4.01
16,2016-09-09,4.01,4.02,3.94,3.96
17,2016-09-10,3.96,4.0,3.95,3.96
18,2016-09-11,3.96,4.04,3.86,3.9
19,2016-09-12,3.9,3.96,3.77,3.88
20,2016-09-13,3.88,3.88,3.8,3.81
21,2016-09-14,3.81,3.85,3.8,3.85
22,2016-09-15,3.85,3.95,3.81,3.81
23,2016-09-16,3.81,3.89,3.8,3.81
24,2016-09-17,3.81,3.88,3.81,3.82
25,2016-09-18,3.82,3.87,3.81,3.87
26,2016-09-19,3.87,3.93,3.8,3.86
27,2016-09-20,3.86,4.0,3.76,4.0
28,2016-09-21,4.0,6.72,3.61,3.82
29,2016-09-22,3.76,5.05,3.76,3.79
30,2016-09-23,3.79,4.2,3.77,3.83
31,2016-09-24,3.83,4.06,3.83,3.87
32,2016-09-25,3.87,3.87,3.8,3.8
33,2016-09-26,3.8,4.0,3.79,3.92
34,2016-09-27,3.92,3.92,3.79,3.83
35,2016-09-28,3.83,3.9,3.79,3.81
36,2016-09-29,3.81,3.88,3.81,3.86
37,2016-09-30,3.86,3.87,3.8,3.81
38,2016-10-01,3.81,3.86,3.81,3.85
39,2016-10-02,3.85,3.86,3.82,3.83
40,2016-10-03,3.83,3.94,3.83,3.83
41,2016-10-04,3.83,3.9,3.81,3.85
42,2016-10-05,3.85,3.91,3.79,3.88
43,2016-10-06,3.88,3.88,3.78,3.82
44,2016-10-07,3.82,3.87,3.8,3.82
45,2016-10-08,3.82,3.88,3.8,3.86
46,2016-10-09,3.86,3.86,3.8,3.8
47,2016-10-10,3.84,3.84,3.79,3.79
48,2016-10-11,3.79,3.84,3.75,3.83
49,2016-10-12,3.83,3.83,3.79,3.8
50,2016-10-13,3.8,3.93,3.8,3.83
51,2016-10-14,3.83,3.92,3.82,3.82
52,2016-10-15,3.82,3.94,3.82,3.92
53,2016-10-16,3.92,3.94,3.86,3.88
54,2016-10-17,3.88,3.94,3.82,3.82
55,2016-10-18,3.82,3.91,3.8,3.91
56,2016-10-19,3.91,3.91,3.79,3.79
57,2016-10-20,3.79,3.81,3.78,3.8
58,2016-10-21,3.8,3.81,3.75,3.79
59,2016-10-22,3.79,3.88,3.75,3.84
60,2016-10-23,3.84,3.89,3.7,3.88
61,2016-10-24,3.88,3.89,3.82,3.87
62,2016-10-25,3.87,3.88,3.8,3.85
63,2016-10-26,3.85,3.96,3.76,3.89
64,2016-10-27,3.89,4.14,3.89,3.99
65,2016-10-28,3.99,4.02,3.88,3.9
66,2016-10-29,3.9,4.24,3.9,4.06
67,2016-10-30,4.06,4.25,3.93,3.93
68,2016-10-31,3.93,4.07,3.92,3.98
69,2016-11-01,3.98,4.5,3.92,4.02
70,2016-11-02,4.02,4.35,3.99,4.07
71,2016-11-03,4.07,4.34,3.8,3.9
72,2016-11-04,3.9,3.98,3.77,3.88
73,2016-11-05,3.88,3.94,3.86,3.87
74,2016-11-06,3.87,3.93,3.85,3.91
75,2016-11-07,3.91,3.92,3.83,3.88
76,2016-11-08,3.88,3.91,3.84,3.91
77,2016-11-09,3.91,3.99,3.77,3.98
78,2016-11-10,3.98,3.98,3.79,3.8
79,2016-11-11,3.8,3.86,3.79,3.8
80,2016-11-12,3.8,3.85,3.72,3.75
81,2016-11-13,3.75,3.94,3.65,3.86
82,2016-11-14,3.86,3.91,3.81,3.87
83,2016-11-15,3.87,3.96,3.84,3.92
84,2016-11-16,3.92,4.06,3.86,3.92
85,2016-11-17,3.92,3.96,3.81,3.9
86,2016-11-18,3.9,3.95,3.85,3.87
87,2016-11-19,3.87,3.99,3.85,3.92
88,2016-11-20,3.92,3.99,3.86,3.89
89,2016-11-21,3.89,3.93,3.87,3.93
90,2016-11-22,3.93,3.99,3.88,3.9
91,2016-11-23,3.9,3.97,3.86,3.86
92,2016-11-24,3.86,3.93,3.86,3.9
93,2016-11-25,3.9,3.91,3.85,3.87
94,2016-11-26,3.87,3.91,3.81,3.86
95,2016-11-27,3.86,3.89,3.82,3.87
96,2016-11-28,3.87,3.92,3.81,3.84
97,2016-11-29,3.84,3.91,3.81,3.83
98,2016-11-30,3.83,3.98,3.51,3.84
99,2016-12-01,3.84,3.89,3.84,3.88
100,2016-12-02,3.88,3.94,3.87,3.94
101,2016-12-03,3.94,3.94,3.87,3.9
102,2016-12-04,3.9,3.92,3.86,3.89
103,2016-12-05,3.89,3.89,3.32,3.58
104,2016-12-06,3.58,3.58,3.42,3.5
105,2016-12-07,3.51,3.86,3.5,3.67
106,2016-12-08,3.67,3.77,3.63,3.65
107,2016-12-09,3.65,3.74,3.61,3.74
108,2016-12-10,3.74,3.74,3.63,3.7
109,2016-12-11,3.7,3.7,3.61,3.64
110,2016-12-12,3.64,3.69,3.62,3.64
111,2016-12-13,3.64,3.68,3.62,3.65
112,2016-12-14,3.65,3.66,3.6,3.6
113,2016-12-15,3.6,3.7,3.5,3.5
114,2016-12-16,3.64,3.68,3.56,3.64
115,2016-12-17,3.64,3.72,3.6,3.72
116,2016-12-18,3.72,3.73,3.62,3.62
117,2016-12-19,3.69,3.71,3.61,3.66
118,2016-12-20,3.66,3.69,3.61,3.62
119,2016-12-21,3.62,3.91,3.62,3.66
120,2016-12-22,3.66,3.88,3.62,3.69
121,2016-12-23,3.69,4.49,3.65,4.49
122,2016-12-24,4.49,5.14,4.2,4.47
123,2016-12-25,4.47,4.49,4.08,4.3
124,2016-12-26,4.3,4.37,4.13,4.23
125,2016-12-27,4.23,4.52,4.18,4.33
126,2016-12-28,4.33,4.6,4.3,4.53
127,2016-12-29,4.53,5.0,4.4,4.69
128,2016-12-30,4.69,4.69,4.21,4.35
129,2016-12-31,4.35,4.48,4.28,4.36
130,2017-01-01,4.36,4.57,4.34,4.51
131,2017-01-02,4.51,4.9,4.4,4.56
132,2017-01-03,4.56,4.65,4.42,4.55
133,2017-01-04,4.55,5.99,4.45,4.55
134,2017-01-05,4.55,4.88,3.88,4.23
135,2017-01-06,4.23,4.34,3.83,3.88
136,2017-01-07,3.88,4.49,3.66,3.98
137,2017-01-08,3.98,4.4,3.98,4.03
138,2017-01-09,4.03,4.4,3.89,4.39
139,2017-01-10,4.39,4.75,4.04,4.67
140,2017-01-11,4.67,4.68,3.93,4.02
141,2017-01-12,4.02,4.14,3.79,4.0
142,2017-01-13,4.0,4.06,3.9,3.97
143,2017-01-14,3.97,4.25,3.92,4.0
144,2017-01-15,4.0,4.1,3.95,3.96
145,2017-01-16,3.96,3.98,3.88,3.88
146,2017-01-17,3.88,4.16,3.87,3.93
147,2017-01-18,3.93,3.95,3.81,3.89
148,2017-01-19,3.89,3.96,3.83,3.88
149,2017-01-20,3.88,3.95,3.86,3.88
150,2017-01-21,3.88,3.93,3.88,3.92
151,2017-01-22,3.92,3.97,3.85,3.86
152,2017-01-23,3.86,3.92,3.83,3.85
153,2017-01-24,3.85,3.89,3.76,3.76
154,2017-01-25,3.76,3.81,3.65,3.69
155,2017-01-26,3.69,3.93,3.68,3.86
156,2017-01-27,3.86,3.96,3.79,3.9
157,2017-01-28,3.9,3.9,3.85,3.87
158,2017-01-29,3.87,3.9,3.84,3.88
159,2017-01-30,3.88,4.09,3.83,4.03
160,2017-01-31,4.03,4.19,4.03,4.07
161,2017-02-01,4.07,4.15,3.95,4.08
162,2017-02-02,4.08,4.11,3.97,4.09
163,2017-02-03,4.09,4.12,3.91,4.06
164,2017-02-04,4.06,4.06,3.94,4.02
165,2017-02-05,4.02,4.03,3.91,3.97
166,2017-02-06,3.97,4.02,3.94,3.97
167,2017-02-07,3.97,4.02,3.94,3.98
168,2017-02-08,3.98,4.06,3.91,3.96
169,2017-02-09,3.96,3.99,3.62,3.76
170,2017-02-10,3.76,3.89,3.7,3.83
171,2017-02-11,3.83,3.88,3.82,3.84
172,2017-02-12,3.84,3.85,3.77,3.8
173,2017-02-13,3.8,3.83,3.74,3.78
174,2017-02-14,3.78,3.82,3.76,3.82
175,2017-02-15,3.82,3.91,3.81,3.89
176,2017-02-16,3.89,3.92,3.85,3.86
177,2017-02-17,3.86,3.95,3.85,3.91
178,2017-02-18,3.91,3.94,3.8,3.84
179,2017-02-19,3.84,3.85,3.76,3.81
180,2017-02-20,3.81,3.85,3.76,3.81
181,2017-02-21,3.81,3.89,3.76,3.85
182,2017-02-22,3.85,3.93,3.85,3.89
183,2017-02-23,3.89,4.0,3.89,3.9
184,2017-02-24,3.9,4.0,3.79,3.95
185,2017-02-25,3.95,3.98,3.83,3.9
186,2017-02-26,3.9,3.93,3.84,3.89
187,2017-02-27,3.89,3.93,3.85,3.87
188,2017-02-28,3.87,3.94,3.81,3.85
189,2017-03-01,3.85,3.95,3.8,3.86
190,2017-03-02,3.86,4.29,3.8,4.04
191,2017-03-03,4.04,4.5,4.01,4.07
192,2017-03-04,4.07,4.14,3.88,4.04
193,2017-03-05,4.04,4.04,3.85,4.02
194,2017-03-06,4.02,4.1,3.96,4.1
195,2017-03-07,4.1,4.26,3.9,3.99
196,2017-03-08,3.99,4.01,3.83,3.86
197,2017-03-09,3.86,3.95,3.83,3.92
198,2017-03-10,3.92,4.1,3.7,3.8
199,2017-03-11,3.8,3.95,3.77,3.82
200,2017-03-12,3.82,3.95,3.82,3.94
201,2017-03-13,3.94,4.59,3.89,4.4
202,2017-03-14,4.4,4.43,4.14,4.19
203,2017-03-15,4.19,4.45,4.1,4.33
204,2017-03-16,4.33,4.61,4.22,4.31
205,2017-03-17,4.31,4.35,4.0,4.12
206,2017-03-18,4.12,4.43,3.69,4.02
207,2017-03-19,4.02,4.12,3.85,3.93
208,2017-03-20,3.93,4.2,3.85,4.18
209,2017-03-21,4.18,4.2,3.95,4.04
210,2017-03-22,4.04,4.05,3.81,3.94
211,2017-03-23,3.94,4.03,3.9,3.96
212,2017-03-24,3.96,4.5,3.93,4.11
213,2017-03-25,4.11,4.18,3.97,4.09
214,2017-03-26,4.09,4.12,4.04,4.1
215,2017-03-27,4.1,4.19,4.03,4.08
216,2017-03-28,4.08,4.22,4.07,4.2
217,2017-03-29,4.2,4.5,4.12,4.3
218,2017-03-30,4.3,9.9,4.26,7.89
219,2017-03-31,7.89,7.9,5.75,7.25
220,2017-04-01,7.25,7.73,6.65,7.61
221,2017-04-02,7.61,8.88,7.03,8.34
222,2017-04-03,8.34,9.5,7.5,8.61
223,2017-04-04,8.61,9.78,8.35,9.15
224,2017-04-05,9.15,13.75,8.88,13.0
225,2017-04-06,13.0,13.19,9.7,10.87
226,2017-04-07,10.87,11.39,9.39,9.89
227,2017-04-08,9.89,11.39,9.83,10.79
228,2017-04-09,10.79,10.99,8.57,9.26
229,2017-04-10,9.26,10.12,8.89,9.87
230,2017-04-11,9.87,10.35,9.45,9.71
231,2017-04-12,9.71,12.23,9.66,11.69
232,2017-04-13,11.69,11.74,10.63,11.05
233,2017-04-14,11.05,11.84,11.03,11.61
234,2017-04-15,11.61,12.14,10.46,11.69
235,2017-04-16,11.69,11.87,11.57,11.7
236,2017-04-17,11.7,12.6,10.95,11.15
237,2017-04-18,11.15,11.5,10.27,10.95
238,2017-04-19,10.95,11.0,10.01,10.21
239,2017-04-20,10.21,11.4,10.15,10.99
240,2017-04-21,10.99,12.45,10.85,12.12
241,2017-04-22,12.12,16.0,12.03,14.35
242,2017-04-23,14.35,16.0,14.2,15.38
243,2017-04-24,15.38,15.41,14.3,15.07
244,2017-04-25,15.07,15.73,14.51,15.53
245,2017-04-26,15.53,16.17,14.69,15.09
246,2017-04-27,15.09,15.51,13.47,14.98
247,2017-04-28,14.98,15.12,14.5,14.75
248,2017-04-29,14.75,16.4,14.73,16.34
249,2017-04-30,16.34,16.74,15.8,16.2
250,2017-05-01,16.2,17.3,15.55,16.47
251,2017-05-02,16.47,16.62,15.5,16.24
252,2017-05-03,16.24,36.0,15.99,22.01
253,2017-05-04,22.01,29.75,21.8,24.16
254,2017-05-05,24.16,28.69,24.03,26.33
255,2017-05-06,26.33,28.88,26.31,28.43
256,2017-05-07,28.43,32.3,28.43,30.62
257,2017-05-08,30.62,30.62,28.04,28.86
258,2017-05-09,28.86,34.0,22.67,33.2
259,2017-05-10,33.2,38.91,30.01,32.85
260,2017-05-11,32.85,33.35,28.31,30.69
261,2017-05-12,30.69,31.59,25.06,27.21
262,2017-05-13,27.21,29.21,25.04,29.09
263,2017-05-14,29.09,30.6,27.75,28.9
264,2017-05-15,28.9,29.11,25.27,25.61
265,2017-05-16,25.61,25.78,21.0,23.6
266,2017-05-17,23.6,26.5,20.31,25.3
267,2017-05-18,25.3,29.41,24.63,28.58
268,2017-05-19,28.58,28.65,26.32,27.55
269,2017-05-20,27.55,27.94,26.85,27.34
270,2017-05-21,27.34,28.68,25.44,25.92
271,2017-05-22,25.92,26.99,22.5,24.71
272,2017-05-23,24.71,31.78,24.45,31.06
273,2017-05-24,31.06,35.88,30.25,34.31
274,2017-05-25,34.31,35.5,25.26,29.64
275,2017-05-26,29.64,32.0,24.31,25.93
276,2017-05-27,25.93,26.96,19.08,23.5
277,2017-05-28,23.5,26.95,23.06,24.73
278,2017-05-29,24.73,26.72,23.68,25.77
279,2017-05-30,25.77,26.5,23.5,24.11
280,2017-05-31,24.11,26.22,23.75,25.88
281,2017-06-01,25.88,29.94,25.87,27.74
282,2017-06-02,27.74,28.95,26.56,27.9
283,2017-06-03,27.9,28.3,26.79,27.4
284,2017-06-04,27.4,27.9,26.79,27.79
285,2017-06-05,27.79,31.8,27.78,30.7
286,2017-06-06,30.7,31.33,28.08,30.1
287,2017-06-07,30.1,30.8,27.65,28.6
288,2017-06-08,28.6,30.85,27.99,30.08
289,2017-06-09,30.08,30.9,29.5,29.56
290,2017-06-10,29.56,30.25,29.0,30.13
291,2017-06-11,30.13,35.5,29.53,34.04
292,2017-06-12,34.04,34.17,27.0,29.06
293,2017-06-13,29.06,30.65,28.71,30.32
294,2017-06-14,30.32,32.0,27.5,28.81
295,2017-06-15,28.81,29.4,24.42,28.97
296,2017-06-16,28.97,33.9,27.65,33.89
297,2017-06-17,33.89,49.0,33.61,46.01
298,2017-06-18,46.01,46.65,39.56,43.66
299,2017-06-19,43.66,49.99,42.27,47.63
300,2017-06-20,47.63,48.45,42.5,45.63
301,2017-06-21,45.63,46.16,41.5,44.0
302,2017-06-22,44.0,47.89,42.87,45.98
303,2017-06-23,45.98,46.96,45.52,46.03
304,2017-06-24,46.03,46.13,42.05,43.05
305,2017-06-25,43.05,43.76,38.27,40.8
306,2017-06-26,40.8,41.98,33.38,38.15
307,2017-06-27,38.15,40.5,33.61,40.5
308,2017-06-28,40.5,43.44,37.3,42.0
309,2017-06-29,42.0,42.14,39.6,40.2
310,2017-06-30,40.2,41.2,39.22,39.49
311,2017-07-01,39.49,39.83,37.4,38.37
312,2017-07-02,38.37,41.99,37.15,41.59
313,2017-07-03,41.59,47.7,40.6,45.51
314,2017-07-04,45.51,55.4,45.51,54.89
315,2017-07-05,54.89,57.75,49.01,53.4
316,2017-07-06,53.4,53.4,50.01,51.2
317,2017-07-07,51.2,51.36,44.28,46.21
318,2017-07-08,46.21,52.61,44.18,51.27
319,2017-07-09,51.27,52.55,48.33,48.76
320,2017-07-10,48.76,49.84,42.1,44.74
321,2017-07-11,44.74,46.78,41.38,43.92
322,2017-07-12,43.92,48.48,42.1,47.0
323,2017-07-13,47.0,47.88,44.1,45.48
324,2017-07-14,45.48,45.72,40.0,42.78
325,2017-07-15,42.78,42.99,37.5,38.14
326,2017-07-16,38.14,41.99,34.78,40.69
327,2017-07-17,40.69,43.08,39.72,42.36
328,2017-07-18,42.36,45.0,40.56,43.5
329,2017-07-19,43.5,43.96,39.68,40.19
330,2017-07-20,40.19,45.0,40.12,44.72
331,2017-07-21,44.72,47.93,44.0,45.4
332,2017-07-22,45.4,47.52,44.43,46.7
333,2017-07-23,46.7,46.95,44.1,45.23
334,2017-07-24,45.23,45.49,44.41,45.01
335,2017-07-25,45.01,45.15,40.23,42.21
336,2017-07-26,42.21,43.0,40.4,41.99
337,2017-07-27,41.99,42.3,40.8,41.87
338,2017-07-28,41.87,42.17,40.1,40.35
339,2017-07-29,40.35,41.5,38.28,41.01
340,2017-07-30,41.01,42.16,39.56,40.82
341,2017-07-31,40.82,43.8,38.4,42.27
342,2017-08-01,42.27,43.84,41.18,43.18
343,2017-08-02,43.18,43.23,41.52,41.82
344,2017-08-03,41.82,42.87,41.73,42.49
345,2017-08-04,42.49,43.49,42.34,43.07
346,2017-08-05,43.07,47.09,43.06,45.85
347,2017-08-06,45.85,46.65,44.78,45.33
348,2017-08-07,45.33,46.5,45.01,45.99
349,2017-08-08,45.99,49.98,45.76,49.06
350,2017-08-09,49.06,49.95,46.66,47.69
351,2017-08-10,47.69,48.6,47.01,47.2
352,2017-08-11,47.2,47.71,46.6,47.08
353,2017-08-12,47.08,47.8,46.01,46.33
354,2017-08-13,46.33,47.38,44.05,45.22
355,2017-08-14,45.22,46.34,44.82,45.59
356,2017-08-15,45.59,45.7,41.65,43.1
357,2017-08-16,43.1,44.94,42.01,43.8
358,2017-08-17,43.8,44.7,43.13,43.88
359,2017-08-18,43.88,47.99,43.29,46.69
360,2017-08-19,46.69,47.0,43.76,45.18
361,2017-08-20,45.18,47.15,44.07,45.57
362,2017-08-21,45.57,48.87,44.9,47.99
363,2017-08-22,47.99,47.99,44.65,46.43
364,2017-08-23,46.43,55.0,46.08,53.31
365,2017-08-24,53.31,53.46,50.23,51.09
366,2017-08-25,51.09,52.2,50.1,51.11
367,2017-08-26,51.11,52.0,50.0,51.55
368,2017-08-27,51.55,64.67,51.2,61.56
369,2017-08-28,61.56,64.73,58.77,62.38
370,2017-08-29,62.38,64.45,61.25,63.75
371,2017-08-30,63.75,67.5,62.0,66.12
372,2017-08-31,66.12,74.8,65.22,73.23
373,2017-09-01,73.23,98.28,71.51,89.23
374,2017-09-02,89.23,93.85,73.87,79.84
375,2017-09-03,79.84,84.62,77.26,79.44
376,2017-09-04,79.44,79.51,64.0,71.25
377,2017-09-05,71.25,74.95,66.0,74.19
378,2017-09-06,74.19,82.67,74.19,81.47
379,2017-09-07,81.47,82.75,77.37,80.23
380,2017-09-08,80.23,82.11,68.12,73.7
381,2017-09-09,73.7,74.5,69.1,71.27
382,2017-09-10,71.27,71.44,65.02,67.44
383,2017-09-11,67.44,71.55,65.5,68.28
384,2017-09-12,68.28,71.93,65.02,66.0
385,2017-09-13,66.0,66.46,57.74,61.8
386,2017-09-14,61.8,62.6,45.1,45.42
387,2017-09-15,45.42,62.41,33.56,52.29
388,2017-09-16,52.29,59.0,50.64,52.47
389,2017-09-17,52.47,54.1,47.87,51.37
390,2017-09-18,51.37,58.0,51.36,56.3
391,2017-09-19,56.3,56.86,51.38,52.95
392,2017-09-20,52.95,54.6,51.11,51.57
393,2017-09-21,51.57,52.5,45.18,46.61
394,2017-09-22,46.61,49.72,45.0,47.81
395,2017-09-23,47.81,50.24,46.45,49.41
396,2017-09-24,49.41,49.58,47.1,47.7
397,2017-09-25,47.7,53.25,47.53,52.22
398,2017-09-26,52.22,54.41,51.5,52.34
399,2017-09-27,52.34,57.44,52.32,56.88
400,2017-09-28,56.88,57.11,54.07,54.87
401,2017-09-29,54.87,54.87,50.35,52.62
402,2017-09-30,52.62,55.92,52.54,55.26
403,2017-10-01,55.26,55.33,53.5,54.69
404,2017-10-02,54.69,55.08,52.62,53.37
405,2017-10-03,53.37,53.59,51.35,52.15
406,2017-10-04,52.15,53.0,50.53,51.16
407,2017-10-05,51.16,51.94,50.25,51.67
408,2017-10-06,51.67,52.73,51.4,52.12
409,2017-10-07,52.12,52.85,51.6,52.57
410,2017-10-08,52.57,54.79,52.4,53.27
411,2017-10-09,53.27,53.41,48.15,50.04
412,2017-10-10,50.04,51.48,49.59,50.4
413,2017-10-11,50.4,51.0,50.22,50.81
414,2017-10-12,50.81,59.58,50.66,59.58
415,2017-10-13,59.58,60.96,55.25,58.9
416,2017-10-14,58.9,66.85,58.3,63.94
417,2017-10-15,63.94,69.59,62.06,65.51
418,2017-10-16,65.51,66.4,62.33,64.72
419,2017-10-17,64.72,64.99,58.51,59.19
420,2017-10-18,59.19,61.85,52.9,60.67
421,2017-10-19,60.67,61.42,58.34,59.84
422,2017-10-20,59.84,62.2,58.52,60.12
423,2017-10-21,60.12,60.38,56.2,58.14
424,2017-10-22,58.14,58.89,56.12,56.75
425,2017-10-23,56.75,56.75,52.45,54.76
426,2017-10-24,54.76,59.19,52.5,55.61
427,2017-10-25,55.61,56.92,53.55,56.36
428,2017-10-26,56.36,57.16,54.89,55.56
429,2017-10-27,55.56,56.15,54.75,55.24
430,2017-10-28,55.24,55.88,54.01,54.52
431,2017-10-29,54.52,58.0,54.26,56.59
432,2017-10-30,56.59,58.39,55.85,56.4
433,2017-10-31,56.4,56.81,55.4,55.41
434,2017-11-01,55.41,55.6,52.82,53.0
435,2017-11-02,53.0,54.85,50.25,54.35
436,2017-11-03,54.35,56.35,53.96,56.19
437,2017-11-04,56.19,56.3,54.65,55.09
438,2017-11-05,55.09,55.53,54.38,54.67
439,2017-11-06,54.67,55.85,53.37,54.6
440,2017-11-07,54.6,63.71,54.6,60.61
441,2017-11-08,60.61,64.3,59.6,62.46
442,2017-11-09,62.46,67.24,61.89,64.4
443,2017-11-10,64.4,65.94,56.13,59.32
444,2017-11-11,59.32,63.99,59.02,62.49
445,2017-11-12,62.49,62.6,57.08,58.81
446,2017-11-13,58.81,62.42,58.23,61.24
447,2017-11-14,61.24,63.57,60.56,62.33
448,2017-11-15,62.33,65.43,62.2,63.3
449,2017-11-16,63.3,72.5,62.52,70.56
450,2017-11-17,70.56,71.46,65.52,67.5
451,2017-11-18,67.5,69.95,65.62,69.35
452,2017-11-19,69.35,73.4,68.55,71.7
453,2017-11-20,71.7,73.25,71.13,72.62
454,2017-11-21,72.62,73.0,68.0,70.0
455,2017-11-22,70.0,72.32,70.0,72.31
456,2017-11-23,72.31,77.96,71.07,73.3
457,2017-11-24,73.3,77.7,72.51,77.54
458,2017-11-25,77.54,89.88,77.24,89.13
459,2017-11-26,89.13,89.21,84.18,86.62
460,2017-11-27,86.62,93.89,86.4,91.38
461,2017-11-28,91.38,94.88,89.96,94.49
462,2017-11-29,94.49,103.54,76.01,86.7
463,2017-11-30,86.7,93.5,78.0,85.82
464,2017-12-01,85.82,100.77,82.0,100.16
465,2017-12-02,100.16,104.75,98.1,99.65
466,2017-12-03,99.65,107.49,97.0,101.2
467,2017-12-04,101.2,104.5,95.47,104.28
468,2017-12-05,104.28,104.29,101.01,101.01
469,2017-12-06,101.01,103.9,97.75,100.01
470,2017-12-07,100.01,102.48,95.01,97.96
471,2017-12-08,97.96,144.75,95.8,128.97
472,2017-12-09,128.97,199.0,128.96,160.95
473,2017-12-10,160.95,160.95,135.45,150.99
474,2017-12-11,150.99,235.0,149.96,218.6
475,2017-12-12,218.6,420.0,213.3,352.08
476,2017-12-13,272.0,330.0,260.0,290.01
477,2017-12-14,290.01,302.72,252.0,272.4
478,2017-12-15,272.4,314.21,239.99,294.0
479,2017-12-16,294.0,305.0,285.0,293.97
480,2017-12-17,293.01,328.8,290.0,311.4
481,2017-12-18,311.23,360.96,277.0,352.0
482,2017-12-19,352.0,366.96,303.01,338.48
483,2017-12-20,336.05,357.0,260.0,302.7
484,2017-12-21,303.8,325.16,267.01,302.0
485,2017-12-22,303.0,315.0,177.58,250.99
486,2017-12-23,250.99,301.52,214.91,253.44
487,2017-12-24,253.44,277.0,220.03,262.9
488,2017-12-25,262.9,277.5,251.4,261.2
489,2017-12-26,261.17,282.82,258.0,277.98
490,2017-12-27,277.98,284.34,245.29,262.59
491,2017-12-28,262.61,266.7,222.03,244.68
492,2017-12-29,244.68,261.0,233.97,238.27
493,2017-12-30,238.27,244.0,193.2,206.03
494,2017-12-31,206.11,234.37,202.98,223.69
495,2018-01-01,223.69,231.19,212.74,222.61
496,2018-01-02,222.62,256.49,222.62,247.33
497,2018-01-03,247.33,253.4,233.56,238.77
498,2018-01-04,238.89,240.0,219.38,233.0
499,2018-01-05,233.04,250.99,230.0,240.54
500,2018-01-06,240.95,315.0,238.73,275.28
501,2018-01-07,276.24,287.0,262.0,269.01
502,2018-01-08,269.01,271.82,212.74,252.65
503,2018-01-09,252.49,257.64,228.24,244.48
504,2018-01-10,244.56,248.99,225.05,247.63
505,2018-01-11,247.63,252.27,195.03,223.77
506,2018-01-12,223.76,240.45,213.01,233.11
507,2018-01-13,233.11,263.99,232.54,257.98
508,2018-01-14,257.98,271.64,222.0,234.12
509,2018-01-15,234.26,242.31,227.6,229.5
510,2018-01-16,229.5,242.0,135.67,179.28
511,2018-01-17,179.28,198.89,136.2,182.44
512,2018-01-18,183.45,202.19,170.5,186.14
513,2018-01-19,186.21,199.0,176.04,191.42
514,2018-01-20,191.44,215.0,190.67,210.4
515,2018-01-21,210.05,210.69,180.0,190.16
516,2018-01-22,190.52,195.0,163.44,178.0
517,2018-01-23,178.0,186.42,163.02,176.98
518,2018-01-24,176.94,186.3,171.58,180.89
519,2018-01-25,180.83,186.0,175.58,179.59
520,2018-01-26,179.0,183.06,165.0,177.09
521,2018-01-27,175.73,184.0,173.0,182.1
522,2018-01-28,182.11,198.0,181.7,196.74
523,2018-01-29,196.74,197.19,180.01,181.5
524,2018-01-30,181.51,181.96,160.59,168.21
525,2018-01-31,168.1,169.31,157.5,165.19
526,2018-02-01,164.83,167.2,132.0,143.69
527,2018-02-02,144.04,147.0,108.52,131.68
528,2018-02-03,131.99,166.99,120.06,160.3
529,2018-02-04,160.86,174.75,138.0,147.09
530,2018-02-05,147.29,153.96,116.6,125.17
531,2018-02-06,125.17,147.0,106.5,141.0
532,2018-02-07,140.96,157.0,130.01,137.21
533,2018-02-08,137.97,143.5,137.2,142.37
534,2018-02-09,142.37,164.4,142.37,163.73
535,2018-02-10,163.74,169.0,146.01,154.65
536,2018-02-11,154.62,156.1,139.0,148.28
537,2018-02-12,148.28,163.75,146.04,161.49
538,2018-02-13,161.55,162.95,152.0,159.63
539,2018-02-14,159.45,218.6,158.94,212.25
540,2018-02-15,212.25,236.66,206.5,220.64
541,2018-02-16,220.64,235.58,208.56,228.08
542,2018-02-17,228.0,232.2,222.78,228.0
543,2018-02-18,228.08,231.39,210.1,213.66
544,2018-02-19,213.23,226.5,196.0,221.44
545,2018-02-20,221.44,254.8,221.0,228.51
546,2018-02-21,228.5,233.53,203.12,209.6
547,2018-02-22,209.6,222.0,188.0,192.61
548,2018-02-23,192.69,216.28,182.0,206.4
549,2018-02-24,206.38,219.0,192.3,206.5
550,2018-02-25,206.69,223.17,198.94,217.78
551,2018-02-26,218.16,232.3,214.43,218.5
552,2018-02-27,218.25,224.36,211.8,214.6
553,2018-02-28,214.94,223.71,201.5,201.86
554,2018-03-01,201.86,215.0,200.2,209.17
555,2018-03-02,209.14,214.47,203.43,212.8
556,2018-03-03,212.8,218.39,208.0,210.04
557,2018-03-04,210.0,215.34,204.5,213.19
558,2018-03-05,213.19,217.0,208.17,210.14
559,2018-03-06,210.03,210.49,191.31,196.24
560,2018-03-07,196.2,199.28,173.08,185.25
561,2018-03-08,185.33,187.5,173.69,175.24
562,2018-03-09,175.06,190.0,157.68,185.79
563,2018-03-10,185.88,194.99,174.48,176.74
564,2018-03-11,176.85,194.0,169.85,188.16
565,2018-03-12,188.16,192.88,173.58,177.8
566,2018-03-13,177.8,182.9,170.51,175.01
567,2018-03-14,175.38,177.52,156.5,160.15
568,2018-03-15,160.0,167.7,149.55,164.0
569,2018-03-16,164.0,171.6,157.5,164.1
570,2018-03-17,164.12,165.96,150.2,151.75
571,2018-03-18,151.7,158.0,136.86,153.5
572,2018-03-19,153.59,163.88,150.66,161.2
573,2018-03-20,161.18,174.0,155.41,168.24
574,2018-03-21,168.5,175.88,165.22,168.54
575,2018-03-22,168.43,172.64,159.51,163.65
576,2018-03-23,163.65,169.5,156.13,168.66
577,2018-03-24,168.97,169.74,157.73,158.92
578,2018-03-25,158.81,162.89,156.75,160.01
579,2018-03-26,160.0,161.06,141.56,147.83
580,2018-03-27,147.71,149.34,134.4,135.0
581,2018-03-28,135.0,139.75,130.1,131.22
582,2018-03-29,131.31,132.6,112.51,114.7
583,2018-03-30,114.55,126.45,109.77,118.35
584,2018-03-31,118.1,124.28,115.26,116.05
585,2018-04-01,116.05,118.38,109.03,114.74
586,2018-04-02,114.97,121.71,113.54,119.05
587,2018-04-03,119.03,137.25,118.0,134.04
588,2018-04-04,133.82,134.77,115.2,118.07
589,2018-04-05,118.01,122.5,113.63,118.26
590,2018-04-06,118.41,120.15,111.31,112.79
591,2018-04-07,112.7,119.72,112.19,115.8
592,2018-04-08,115.8,118.49,115.34,117.55
593,2018-04-09,117.8,122.99,112.48,114.79
594,2018-04-10,114.62,115.26,111.25,114.25
595,2018-04-11,114.25,119.59,112.92,118.4
596,2018-04-12,118.4,130.9,112.92,129.67
597,2018-04-13,129.62,133.98,123.55,125.1
598,2018-04-14,125.28,129.71,124.0,126.4
599,2018-04-15,126.4,132.99,126.4,132.45
600,2018-04-16,132.45,133.49,124.88,128.96
601,2018-04-17,128.76,140.5,128.73,132.09
602,2018-04-18,132.1,141.43,131.5,140.36
603,2018-04-19,140.36,147.48,138.51,146.71
604,2018-04-20,146.5,156.49,142.62,155.71
605,2018-04-21,155.5,156.94,139.8,148.4
606,2018-04-22,148.38,153.14,144.26,146.38
607,2018-04-23,146.38,153.67,145.8,152.56
608,2018-04-24,152.57,166.29,152.44,164.78
609,2018-04-25,164.23,164.79,141.85,144.75
610,2018-04-26,144.74,154.84,142.0,153.19
611,2018-04-27,153.19,153.8,144.44,144.9
612,2018-04-28,145.66,153.74,144.49,152.1
613,2018-04-29,151.89,156.87,148.0,153.5
614,2018-04-30,153.51,154.9,147.0,148.37
615,2018-05-01,148.36,148.89,142.44,148.29
616,2018-05-02,148.28,153.76,146.21,151.58
617,2018-05-03,151.58,165.04,150.0,161.38
618,2018-05-04,161.17,172.1,157.1,169.44
619,2018-05-05,169.2,184.67,168.13,179.04
620,2018-05-06,178.86,184.98,164.8,172.32
621,2018-05-07,172.1,172.81,157.3,164.59
622,2018-05-08,164.52,168.66,155.05,158.89
623,2018-05-09,159.0,160.32,150.0,156.72
624,2018-05-10,156.75,160.9,147.22,148.16
625,2018-05-11,148.11,148.5,132.97,136.32
626,2018-05-12,136.32,144.47,130.32,141.57
627,2018-05-13,141.43,146.89,136.1,144.24
628,2018-05-14,144.19,152.95,134.19,147.42
629,2018-05-15,147.1,149.67,136.91,139.35
630,2018-05-16,139.34,140.86,133.5,138.92
631,2018-05-17,138.91,141.5,131.0,132.31
632,2018-05-18,132.07,137.49,128.0,135.95
633,2018-05-19,135.95,137.77,132.6,134.95
634,2018-05-20,134.89,141.0,132.5,139.64
635,2018-05-21,139.63,140.25,133.43,134.25
636,2018-05-22,134.25,136.25,127.31,127.89
637,2018-05-23,127.9,129.35,115.83,118.37
638,2018-05-24,118.29,124.85,114.7,122.58
639,2018-05-25,122.65,124.58,116.63,118.87
640,2018-05-26,118.78,122.46,117.18,118.45
641,2018-05-27,118.35,119.0,116.58,117.71
642,2018-05-28,117.72,118.97,110.0,110.82
643,2018-05-29,110.66,122.71,109.41,119.28
644,2018-05-30,119.52,122.73,114.69,117.18
645,2018-05-31,117.18,121.01,116.04,118.25
646,2018-06-01,118.25,120.4,116.62,120.19
647,2018-06-02,120.19,124.5,118.66,123.44
648,2018-06-03,123.44,127.98,122.23,125.33
649,2018-06-04,125.07,127.01,118.0,119.77
650,2018-06-05,119.77,122.6,115.77,122.18
651,2018-06-06,122.2,122.94,118.0,121.61
652,2018-06-07,121.63,123.84,119.4,121.54
653,2018-06-08,121.56,122.18,118.04,119.68
654,2018-06-09,119.9,120.93,116.7,117.4
655,2018-06-10,117.25,117.47,102.75,106.48
656,2018-06-11,106.5,108.42,102.7,107.2
657,2018-06-12,107.2,107.86,94.05,99.68
658,2018-06-13,99.68,100.45,86.71,93.37
659,2018-06-14,93.4,102.87,91.65,100.88
660,2018-06-15,100.89,100.98,94.49,95.5
661,2018-06-16,95.5,97.58,92.68,96.66
662,2018-06-17,96.65,98.2,94.51,94.95
663,2018-06-18,94.95,99.88,92.89,98.7
664,2018-06-19,98.79,120.0,96.91,98.67
665,2018-06-20,98.67,99.13,95.21,97.72
666,2018-06-21,97.72,99.3,96.0,96.72
667,2018-06-22,96.74,96.87,80.02,84.8
668,2018-06-23,84.75,86.77,81.31,82.73
669,2018-06-24,82.76,83.63,73.22,80.37
670,2018-06-25,80.46,84.38,78.55,81.48
671,2018-06-26,81.48,81.99,75.0,75.54
672,2018-06-27,75.63,81.75,74.87,80.6
673,2018-06-28,80.71,81.43,73.89,74.05
674,2018-06-29,74.24,80.79,72.15,78.94
675,2018-06-30,78.94,84.59,78.84,81.33
676,2018-07-01,81.34,81.83,77.73,79.95
677,2018-07-02,79.96,87.06,78.11,85.36
678,2018-07-03,85.36,90.0,83.64,85.09
679,2018-07-04,84.87,89.01,83.98,85.28
680,2018-07-05,85.23,87.11,81.77,83.33
681,2018-07-06,83.26,84.23,80.67,83.1
682,2018-07-07,83.1,85.35,79.4,84.79
683,2018-07-08,84.88,85.7,81.81,82.22
684,2018-07-09,82.26,83.12,79.8,80.46
685,2018-07-10,80.58,80.62,74.25,75.81
686,2018-07-11,75.79,80.98,75.31,78.18
687,2018-07-12,78.18,78.25,74.0,76.79
688,2018-07-13,76.82,78.6,74.96,76.53
689,2018-07-14,76.52,77.5,75.37,76.18
690,2018-07-15,76.19,79.5,75.1,78.54
691,2018-07-16,78.54,84.28,77.6,83.49
692,2018-07-17,83.65,90.0,81.3,89.06
693,2018-07-18,88.99,94.41,84.2,86.21
694,2018-07-19,86.26,89.0,84.8,86.0
695,2018-07-20,86.1,86.69,80.72,81.87
696,2018-07-21,81.84,84.93,79.5,83.44
697,2018-07-22,83.42,84.2,81.78,82.21
698,2018-07-23,82.2,85.96,81.1,81.38
699,2018-07-24,81.43,89.79,80.79,89.12
700,2018-07-25,89.02,90.75,84.81,86.38
701,2018-07-26,86.38,87.9,82.75,83.37
702,2018-07-27,83.51,85.12,81.37,84.39
703,2018-07-28,84.39,84.7,82.26,84.07
704,2018-07-29,84.1,85.38,83.22,83.85
705,2018-07-30,83.89,84.62,79.76,82.18
706,2018-07-31,82.16,82.63,76.02,78.69
707,2018-08-01,78.91,79.06,75.78,77.53
708,2018-08-02,77.62,78.46,75.33,76.11
709,2018-08-03,76.16,77.84,74.66,77.7
710,2018-08-04,77.63,78.15,72.1,73.13
711,2018-08-05,73.06,74.73,72.23,74.61
712,2018-08-06,74.6,76.7,72.35,73.62
713,2018-08-07,73.67,75.24,66.58,67.35
714,2018-08-08,67.32,67.49,60.8,62.13
715,2018-08-09,62.13,64.94,60.0,62.89
716,2018-08-10,62.84,63.14,58.12,59.16
717,2018-08-11,59.16,59.98,55.0,57.6
718,2018-08-12,57.73,61.55,57.02,59.32
719,2018-08-13,59.21,60.61,55.52,56.44
720,2018-08-14,56.5,56.5,49.2,54.24
721,2018-08-15,54.26,59.2,53.7,54.32
722,2018-08-16,54.32,57.58,54.06,55.29
723,2018-08-17,55.32,61.89,54.99,61.75
724,2018-08-18,61.79,62.31,55.12,57.04
725,2018-08-19,57.04,58.98,56.1,57.67
726,2018-08-20,57.79,58.5,53.18,53.39
727,2018-08-21,53.39,56.82,53.21,56.42
728,2018-08-22,56.43,59.75,53.82,55.14
729,2018-08-23,55.15,57.89,54.8,57.29
730,2018-08-24,57.3,58.36,55.5,57.82
731,2018-08-25,57.88,58.38,56.93,57.89
732,2018-08-26,57.88,58.08,55.74,56.99
733,2018-08-27,57.05,61.17,56.52,60.61
734,2018-08-28,60.69,63.74,59.65,63.13
735,2018-08-29,63.12,63.4,60.14,61.41
736,2018-08-30,61.52,61.65,58.55,60.23
737,2018-08-31,60.13,62.75,59.55,62.04
738,2018-09-01,62.04,67.93,61.97,66.49
739,2018-09-02,66.45,67.3,64.15,66.21
740,2018-09-03,66.21,66.55,64.21,65.44
741,2018-09-04,65.5,69.45,65.36,67.6
742,2018-09-05,67.63,68.36,57.61,57.82
743,2018-09-06,57.71,57.89,53.96,57.61
744,2018-09-07,57.61,58.53,55.0,55.66
745,2018-09-08,55.63,57.22,51.87,53.07
746,2018-09-09,53.09,56.72,52.2,54.74
747,2018-09-10,54.79,56.59,53.03,54.34
748,2018-09-11,54.34,54.75,49.74,52.04
749,2018-09-12,52.01,52.14,47.21,51.69
750,2018-09-13,51.69,55.49,51.66,54.44
751,2018-09-14,54.49,59.0,52.83,56.24
752,2018-09-15,56.21,58.73,55.61,56.22
753,2018-09-16,56.22,57.55,54.35,56.75
754,2018-09-17,56.75,57.85,51.37,52.07
755,2018-09-18,52.06,55.52,50.41,53.96
756,2018-09-19,53.93,55.28,51.62,54.27
757,2018-09-20,54.33,57.42,53.28,56.53
758,2018-09-21,56.52,62.73,56.33,60.83
759,2018-09-22,60.82,61.9,58.0,60.65
760,2018-09-23,60.58,63.82,59.86,61.38
761,2018-09-24,61.36,61.56,57.02,58.01
762,2018-09-25,58.03,58.16,54.25,57.61
763,2018-09-26,57.57,59.85,56.4,57.18
764,2018-09-27,57.25,65.67,56.58,63.28
765,2018-09-28,63.25,65.0,60.14,61.95
766,2018-09-29,61.95,62.34,58.95,61.61
767,2018-09-30,61.61,63.0,59.81,61.21
768,2018-10-01,61.19,62.09,59.51,60.45
769,2018-10-02,60.47,61.8,59.02,59.46
770,2018-10-03,59.42,59.66,56.67,57.56
771,2018-10-04,57.6,59.4,57.39,58.42
772,2018-10-05,58.43,59.85,57.65,58.93
773,2018-10-06,58.88,59.17,56.92,57.96
774,2018-10-07,57.98,58.64,56.88,58.33
775,2018-10-08,58.32,60.26,57.63,59.66
776,2018-10-09,59.65,59.84,58.29,59.03
777,2018-10-10,59.02,59.18,57.37,58.46
778,2018-10-11,58.43,58.66,50.62,51.36
779,2018-10-12,51.31,54.26,50.87,53.74
780,2018-10-13,53.7,54.88,53.2,54.05
781,2018-10-14,54.06,54.44,52.11,52.61
782,2018-10-15,52.61,61.86,52.17,56.16
783,2018-10-16,56.15,57.34,54.71,55.54
784,2018-10-17,55.54,55.72,54.32,55.27
785,2018-10-18,55.31,55.85,53.0,53.53
786,2018-10-19,53.53,54.74,53.31,53.71
787,2018-10-20,53.68,54.65,53.28,54.28
788,2018-10-21,54.27,54.9,53.44,53.61
789,2018-10-22,53.62,54.16,52.67,53.12
790,2018-10-23,53.12,53.97,52.53,53.33
791,2018-10-24,53.34,53.92,53.0,53.11
792,2018-10-25,53.12,53.27,52.52,52.84
793,2018-10-26,52.81,53.55,52.23,52.56
794,2018-10-27,52.6,53.08,51.72,52.25
795,2018-10-28,52.25,52.66,51.7,52.07
796,2018-10-29,52.1,52.26,48.17,49.21
797,2018-10-30,49.16,49.96,49.02,49.34
798,2018-10-31,49.35,50.71,47.71,49.93
799,2018-11-01,49.94,50.85,49.78,50.61
800,2018-11-02,50.63,52.2,50.56,51.78
801,2018-11-03,51.78,51.81,50.6,51.04
802,2018-11-04,51.09,56.33,50.77,54.6
803,2018-11-05,54.6,55.15,53.01,53.91
804,2018-11-06,53.93,56.88,53.87,56.48
805,2018-11-07,56.44,56.92,53.52,54.47
806,2018-11-08,54.49,55.12,52.42,52.72
807,2018-11-09,52.7,53.15,51.62,52.25
808,2018-11-10,52.28,53.08,51.97,52.48
809,2018-11-11,52.47,52.57,49.79,51.46
810,2018-11-12,51.5,52.04,50.59,51.26
811,2018-11-13,51.26,51.66,49.6,50.43
812,2018-11-14,50.41,51.08,42.0,45.05
813,2018-11-15,45.05,45.8,40.4,44.78
814,2018-11-16,44.78,44.95,42.38,42.89
815,2018-11-17,42.89,42.94,41.92,42.43
816,2018-11-18,42.46,43.84,42.11,42.61
817,2018-11-19,42.63,42.65,35.94,37.07
818,2018-11-20,37.11,38.8,31.47,33.8
819,2018-11-21,33.71,35.38,32.17,35.15
820,2018-11-22,35.17,35.68,31.84,32.11
821,2018-11-23,32.09,33.81,31.1,32.74
822,2018-11-24,32.74,34.3,29.07,29.73
823,2018-11-25,29.72,32.93,27.7,31.49
824,2018-11-26,31.51,32.88,28.66,30.18
825,2018-11-27,30.18,32.16,29.05,31.61
826,2018-11-28,31.62,36.51,31.39,34.74
827,2018-11-29,34.74,36.0,33.08,33.88
828,2018-11-30,33.9,34.53,31.07,32.21
829,2018-12-01,32.19,35.1,31.38,34.17
830,2018-12-02,34.11,35.24,33.21,33.82
831,2018-12-03,33.81,33.97,30.08,30.9
832,2018-12-04,30.92,32.25,29.87,31.13
833,2018-12-05,31.14,31.4,29.15,29.27
834,2018-12-06,29.28,30.49,26.25,26.78
835,2018-12-07,26.74,26.94,22.32,24.91
836,2018-12-08,24.88,26.63,22.89,24.22
837,2018-12-09,24.23,26.75,24.2,25.37
838,2018-12-10,25.37,25.82,23.67,24.14
839,2018-12-11,24.15,24.63,22.94,23.41
840,2018-12-12,23.4,24.98,23.2,24.13
841,2018-12-13,24.13,24.29,22.91,23.08
842,2018-12-14,23.06,23.76,22.5,23.34
843,2018-12-15,23.33,24.06,23.09,23.6
844,2018-12-16,23.59,26.96,23.48,25.52
845,2018-12-17,25.51,30.3,25.43,28.95
846,2018-12-18,28.97,30.15,27.39,29.89
847,2018-12-19,29.89,31.55,28.51,28.83
848,2018-12-20,28.83,32.76,28.52,32.18
849,2018-12-21,32.18,32.87,29.55,30.29
850,2018-12-22,30.29,31.49,29.7,31.33
851,2018-12-23,31.29,33.84,31.09,32.97
852,2018-12-24,32.98,36.12,32.17,32.68
853,2018-12-25,32.69,32.93,29.19,30.5
854,2018-12-26,30.5,31.68,28.79,30.3
855,2018-12-27,30.27,30.89,27.17,27.55
856,2018-12-28,27.55,33.08,27.39,31.8
857,2018-12-29,31.78,32.81,29.91,30.28
858,2018-12-30,30.28,32.0,29.68,31.38
859,2018-12-31,31.38,31.43,29.42,29.9
860,2019-01-01,29.92,31.8,29.56,31.48
861,2019-01-02,31.47,33.29,31.07,32.67
862,2019-01-03,32.68,32.8,30.62,31.39
863,2019-01-04,31.41,32.53,30.78,31.76
864,2019-01-05,31.76,35.95,31.76,34.33
865,2019-01-06,34.33,39.71,33.89,38.3
866,2019-01-07,38.29,39.04,36.53,37.35
867,2019-01-08,37.35,40.8,36.91,38.7
868,2019-01-09,38.7,39.72,38.0,38.17
869,2019-01-10,38.17,38.77,31.0,32.81
870,2019-01-11,32.81,33.22,29.68,31.49
871,2019-01-12,31.48,32.13,31.07,31.65
872,2019-01-13,31.65,32.63,29.12,29.59
873,2019-01-14,29.6,32.5,29.38,31.71
874,2019-01-15,31.72,32.27,29.95,30.75
875,2019-01-16,30.74,31.93,30.47,31.29
876,2019-01-17,31.29,31.55,29.8,31.4
877,2019-01-18,31.38,31.53,30.31,30.77
878,2019-01-19,30.78,32.92,30.77,32.0
879,2019-01-20,31.94,33.2,28.45,30.64
880,2019-01-21,30.63,31.22,30.34,30.82
881,2019-01-22,30.82,32.0,29.48,31.41
882,2019-01-23,31.4,32.18,31.24,31.69
883,2019-01-24,31.69,33.1,30.89,32.51
884,2019-01-25,32.52,33.0,31.87,32.69
885,2019-01-26,32.68,33.95,32.57,32.8
886,2019-01-27,32.79,33.2,31.05,32.21
887,2019-01-28,32.22,32.53,30.0,30.94
888,2019-01-29,30.94,31.26,29.91,30.81
889,2019-01-30,30.8,31.97,30.47,31.68
890,2019-01-31,31.68,32.33,31.08,31.41
891,2019-02-01,31.43,33.64,30.7,32.65
892,2019-02-02,32.61,35.01,32.44,34.59
893,2019-02-03,34.59,34.89,32.86,33.44
894,2019-02-04,33.43,34.5,33.36,34.09
895,2019-02-05,34.08,34.54,33.63,34.34
896,2019-02-06,34.35,34.5,32.25,32.79
897,2019-02-07,32.78,33.61,32.73,33.24
898,2019-02-08,33.23,44.85,32.75,42.99
899,2019-02-09,42.99,46.95,42.05,44.68
900,2019-02-10,44.68,47.59,42.0,46.79
901,2019-02-11,46.8,46.87,41.81,42.9
902,2019-02-12,42.88,44.57,41.84,43.89
903,2019-02-13,43.89,44.66,40.64,41.61
904,2019-02-14,41.61,42.45,40.31,41.26
905,2019-02-15,41.26,44.6,41.06,42.58
906,2019-02-16,42.6,44.37,42.28,43.34
907,2019-02-17,43.34,45.13,42.6,43.91
908,2019-02-18,43.89,49.03,43.62,47.84
909,2019-02-19,47.81,49.1,46.56,47.14
910,2019-02-20,47.16,52.21,46.25,51.5
911,2019-02-21,51.47,51.65,47.35,48.94
912,2019-02-22,48.93,49.97,48.08,49.19
913,2019-02-23,49.22,51.88,48.0,51.4
914,2019-02-24,51.39,53.53,42.37,43.75
915,2019-02-25,43.74,46.85,43.0,45.4
916,2019-02-26,45.4,45.89,44.06,44.76
917,2019-02-27,44.77,45.53,42.51,45.16
918,2019-02-28,45.15,46.7,44.44,45.61
919,2019-03-01,45.62,48.95,45.53,47.05
920,2019-03-02,47.02,49.4,46.38,48.49
921,2019-03-03,48.51,49.1,47.18,47.86
922,2019-03-04,47.87,48.22,44.57,45.78
923,2019-03-05,45.78,54.25,45.38,52.52
924,2019-03-06,52.52,56.81,51.11,55.37
925,2019-03-07,55.37,59.12,53.77,56.73
926,2019-03-08,56.73,57.6,54.3,55.61
927,2019-03-09,55.58,59.83,55.38,57.78
928,2019-03-10,57.78,58.04,55.84,56.59
929,2019-03-11,56.63,57.37,54.0,54.82
930,2019-03-12,54.82,56.96,53.72,56.58
931,2019-03-13,56.6,56.84,54.3,55.29
932,2019-03-14,55.29,58.2,51.66,55.94
933,2019-03-15,55.94,59.15,55.94,58.52
934,2019-03-16,58.52,61.97,58.41,61.21
935,2019-03-17,61.22,61.32,59.57,60.47
936,2019-03-18,60.47,62.63,58.2,59.17
937,2019-03-19,59.2,59.96,58.33,59.52
938,2019-03-20,59.5,60.74,56.64,60.27
939,2019-03-21,60.29,60.64,56.98,58.54
940,2019-03-22,58.54,59.6,58.0,59.26
941,2019-03-23,59.23,61.76,58.93,60.89
942,2019-03-24,60.88,60.9,58.84,59.82
943,2019-03-25,59.81,60.7,58.2,59.04
944,2019-03-26,59.06,59.35,57.23,58.79
945,2019-03-27,58.81,61.87,58.58,61.44
946,2019-03-28,61.43,61.43,60.15,60.5
947,2019-03-29,60.48,61.8,60.15,61.45
948,2019-03-30,61.41,61.56,59.59,60.45
949,2019-03-31,60.45,60.72,59.83,60.48
950,2019-04-01,60.47,60.9,59.62,60.45
951,2019-04-02,60.45,78.4,59.95,76.78
952,2019-04-03,76.76,98.5,76.24,85.19
953,2019-04-04,85.02,89.85,79.85,84.7
954,2019-04-05,84.71,89.85,83.65,88.24
955,2019-04-06,88.24,97.54,85.0,92.21
956,2019-04-07,92.23,95.44,88.74,91.55
957,2019-04-08,91.55,94.0,85.2,88.57
958,2019-04-09,88.57,88.71,82.61,86.17
959,2019-04-10,86.19,91.1,85.91,88.16
960,2019-04-11,88.16,88.45,74.64,78.88
961,2019-04-12,78.9,80.43,75.0,78.47
962,2019-04-13,78.43,81.02,75.51,77.62
963,2019-04-14,77.58,83.6,76.09,83.28
964,2019-04-15,83.31,84.41,75.0,78.07
965,2019-04-16,78.06,81.49,76.88,80.27
966,2019-04-17,80.27,81.5,78.0,78.77
967,2019-04-18,78.82,83.66,78.74,81.68
968,2019-04-19,81.67,83.17,79.48,82.05
969,2019-04-20,82.05,82.69,79.33,81.15
970,2019-04-21,81.16,81.85,72.86,76.65
971,2019-04-22,76.61,77.63,74.9,76.51
972,2019-04-23,76.47,79.29,73.33,73.7
973,2019-04-24,73.67,74.69,69.9,72.85
974,2019-04-25,72.85,74.43,70.6,71.78
975,2019-04-26,71.79,76.5,70.31,73.82
976,2019-04-27,73.83,74.01,71.83,72.23
977,2019-04-28,72.24,72.72,68.95,69.89
978,2019-04-29,69.89,70.37,66.5,67.87
979,2019-04-30,67.86,74.74,67.86,74.32
980,2019-05-01,74.31,75.36,71.78,73.36
981,2019-05-02,73.35,74.42,72.73,73.68
982,2019-05-03,73.65,80.58,73.31,79.22
983,2019-05-04,79.26,82.76,74.54,77.77
984,2019-05-05,77.73,78.16,75.4,75.7
985,2019-05-06,75.7,76.91,71.64,74.94
986,2019-05-07,74.95,78.75,73.4,74.61
987,2019-05-08,74.59,75.5,72.4,74.44
988,2019-05-09,74.44,75.9,72.77,74.19
989,2019-05-10,74.18,79.61,72.66,77.11
990,2019-05-11,77.12,95.0,76.85,86.59
991,2019-05-12,86.59,94.01,83.0,84.73
992,2019-05-13,84.71,92.49,84.1,87.16
993,2019-05-14,87.34,93.61,86.5,91.17
994,2019-05-15,91.15,104.25,89.69,102.02
995,2019-05-16,102.03,107.14,90.73,95.49
996,2019-05-17,95.49,97.48,84.27,89.76
997,2019-05-18,89.76,90.51,85.11,86.51
998,2019-05-19,86.55,96.81,86.07,94.58
999,2019-05-20,94.55,94.58,87.11,91.1
1000,2019-05-21,91.1,93.02,88.83,90.79
1001,2019-05-22,90.77,92.04,85.83,87.74
1002,2019-05-23,87.74,89.53,84.62,88.61
1003,2019-05-24,88.67,103.77,88.01,100.5
1004,2019-05-25,100.5,105.07,98.87,102.66
1005,2019-05-26,102.66,114.0,97.5,111.0
1006,2019-05-27,111.03,121.89,109.94,116.3
1007,2019-05-28,116.41,118.22,111.08,114.81
1008,2019-05-29,114.87,118.33,108.0,115.06
1009,2019-05-30,115.03,120.35,102.4,107.78
1010,2019-05-31,107.78,114.93,104.55,114.6
1011,2019-06-01,114.65,116.28,110.51,112.35
1012,2019-06-02,112.34,116.48,111.25,114.39
1013,2019-06-03,114.44,116.2,105.01,105.99
1014,2019-06-04,105.94,106.8,98.13,102.2
1015,2019-06-05,102.2,105.21,100.11,103.66
1016,2019-06-06,103.61,112.07,101.0,111.19
1017,2019-06-07,111.25,121.0,109.53,116.71
1018,2019-06-08,116.74,119.7,113.5,118.01
1019,2019-06-09,118.01,118.94,111.02,114.66
1020,2019-06-10,114.66,130.12,112.54,129.15
1021,2019-06-11,129.19,138.56,124.85,135.69
1022,2019-06-12,135.79,143.19,129.86,135.32
1023,2019-06-13,135.32,136.52,127.92,130.55
1024,2019-06-14,130.55,133.03,125.22,132.0
1025,2019-06-15,132.03,139.5,132.01,137.54
1026,2019-06-16,137.51,138.2,133.15,136.45
1027,2019-06-17,136.42,136.82,131.53,133.8
1028,2019-06-18,133.8,136.84,128.0,135.22
1029,2019-06-19,135.25,139.5,133.5,136.43
1030,2019-06-20,136.41,136.75,133.0,135.46
1031,2019-06-21,135.45,141.29,131.0,138.28
1032,2019-06-22,138.3,145.9,136.01,142.26
1033,2019-06-23,142.2,143.34,136.15,137.5
1034,2019-06-24,137.5,137.52,132.65,135.77
1035,2019-06-25,135.78,138.63,129.75,136.33
1036,2019-06-26,136.32,138.5,127.5,132.25
1037,2019-06-27,132.24,133.5,111.82,116.01
1038,2019-06-28,116.02,122.19,114.49,120.01
1039,2019-06-29,119.99,137.0,116.0,133.86
1040,2019-06-30,133.88,137.44,120.54,123.25
1041,2019-07-01,123.22,127.03,113.82,123.17
1042,2019-07-02,123.16,124.0,112.63,118.77
1043,2019-07-03,118.74,123.15,116.78,121.36
1044,2019-07-04,121.34,127.03,118.51,119.61
1045,2019-07-05,119.64,120.99,116.22,118.35
1046,2019-07-06,118.29,121.8,117.06,118.31
1047,2019-07-07,118.28,120.35,117.0,119.48
1048,2019-07-08,119.48,125.07,117.77,122.92
1049,2019-07-09,122.92,124.08,117.64,119.24
1050,2019-07-10,119.23,120.13,102.5,108.31
1051,2019-07-11,108.29,108.33,95.21,102.98
1052,2019-07-12,103.0,107.02,100.65,104.86
1053,2019-07-13,104.86,105.03,97.64,101.03
1054,2019-07-14,101.06,101.9,87.58,89.66
1055,2019-07-15,89.67,92.99,84.6,90.43
1056,2019-07-16,90.43,91.91,76.6,79.61
1057,2019-07-17,79.62,94.65,71.0,89.95
1058,2019-07-18,89.98,104.5,86.87,101.16
1059,2019-07-19,101.15,101.26,94.73,98.23
1060,2019-07-20,98.25,105.88,97.42,100.25
1061,2019-07-21,100.26,101.41,96.4,99.7
1062,2019-07-22,99.74,100.91,91.14,95.31
1063,2019-07-23,95.31,95.35,88.62,90.15
1064,2019-07-24,90.1,97.45,86.8,94.5
1065,2019-07-25,94.43,96.67,91.06,93.22
1066,2019-07-26,93.23,94.52,89.83,94.06
1067,2019-07-27,94.01,96.09,86.67,88.79
1068,2019-07-28,88.83,90.9,83.13,90.0
1069,2019-07-29,90.0,92.26,87.48,90.33
1070,2019-07-30,90.33,92.71,88.5,90.15
1071,2019-07-31,90.12,99.95,89.81,98.76
1072,2019-08-01,98.77,100.59,95.23,98.64
1073,2019-08-02,98.62,98.77,92.52,94.76
1074,2019-08-03,94.8,96.7,93.51,94.17
1075,2019-08-04,94.15,94.8,90.11,92.64
1076,2019-08-05,92.68,106.77,92.68,96.56
1077,2019-08-06,96.56,99.32,91.0,92.99
1078,2019-08-07,93.05,94.45,87.36,90.59
1079,2019-08-08,90.59,92.75,87.72,90.15
1080,2019-08-09,90.08,90.45,82.64,84.24
1081,2019-08-10,84.25,87.5,82.27,85.46
1082,2019-08-11,85.46,91.57,85.15,89.93
1083,2019-08-12,89.99,90.04,85.45,85.79
1084,2019-08-13,85.79,86.79,83.26,84.88
1085,2019-08-14,84.83,86.32,75.0,75.9
1086,2019-08-15,75.91,77.7,74.36,76.25
1087,2019-08-16,76.24,76.42,72.34,74.67
1088,2019-08-17,74.63,75.35,71.5,72.65
1089,2019-08-18,72.64,78.0,71.4,76.25
1090,2019-08-19,76.31,78.95,75.36,77.1
1091,2019-08-20,77.1,77.3,73.31,75.14
1092,2019-08-21,75.13,75.33,70.14,73.27
1093,2019-08-22,73.18,74.64,71.0,73.31
1094,2019-08-23,73.38,75.92,72.1,75.38
1095,2019-08-24,75.37,75.65,71.39,73.32
1096,2019-08-25,73.32,74.93,70.56,72.1
1097,2019-08-26,72.12,75.46,72.09,73.54
1098,2019-08-27,73.59,73.75,72.13,72.9
1099,2019-08-28,72.88,73.14,65.0,66.73
1100,2019-08-29,66.73,66.77,62.0,63.59
1101,2019-08-30,63.55,65.6,62.16,64.17
1102,2019-08-31,64.18,65.39,62.25,64.24
1103,2019-09-01,64.23,67.21,63.74,65.89
1104,2019-09-02,65.85,68.03,64.8,66.92
1105,2019-09-03,66.92,71.0,66.47,69.06
1106,2019-09-04,69.0,69.24,66.4,67.01
1107,2019-09-05,67.02,67.39,64.14,65.23
1108,2019-09-06,65.24,68.0,63.54,64.87
1109,2019-09-07,64.88,70.57,64.53,68.77
1110,2019-09-08,68.77,71.46,68.0,70.36
1111,2019-09-09,70.36,71.38,67.73,69.89
1112,2019-09-10,69.86,73.1,69.77,70.85
1113,2019-09-11,70.85,71.81,68.25,69.8
1114,2019-09-12,69.8,70.0,68.3,69.15
1115,2019-09-13,69.18,69.58,67.36,68.93
1116,2019-09-14,68.93,71.5,68.2,70.5
1117,2019-09-15,70.49,71.28,69.5,70.04
1118,2019-09-16,70.04,73.67,69.36,72.63
1119,2019-09-17,72.67,77.59,72.15,74.04
1120,2019-09-18,74.06,80.3,73.98,77.81
1121,2019-09-19,77.77,80.9,72.62,76.56
1122,2019-09-20,76.56,77.08,72.78,75.05
1123,2019-09-21,75.06,75.58,72.06,73.22
1124,2019-09-22,73.2,73.22,71.03,72.23
1125,2019-09-23,72.26,74.24,61.88,66.54
1126,2019-09-24,66.54,67.42,54.07,54.57
1127,2019-09-25,54.57,58.34,52.84,57.43
1128,2019-09-26,57.48,57.56,50.3,55.19
1129,2019-09-27,55.17,56.61,52.61,55.86
1130,2019-09-28,55.86,56.16,53.67,55.37
1131,2019-09-29,55.38,55.58,52.13,53.82
1132,2019-09-30,53.84,56.25,52.46,55.99
1133,2019-10-01,56.01,57.6,54.82,55.63
1134,2019-10-02,55.59,56.66,55.13,56.23
1135,2019-10-03,56.28,57.07,53.62,56.44
1136,2019-10-04,56.45,57.5,55.22,56.3
1137,2019-10-05,56.3,57.4,55.57,56.69
1138,2019-10-06,56.69,56.8,52.73,54.41
1139,2019-10-07,54.42,58.65,53.25,57.46
1140,2019-10-08,57.46,58.45,56.47,56.94
1141,2019-10-09,56.92,60.06,56.6,59.12
1142,2019-10-10,59.1,59.33,57.0,57.47
1143,2019-10-11,57.48,58.42,55.33,55.85
1144,2019-10-12,55.85,56.5,55.41,55.7
1145,2019-10-13,55.71,57.69,55.47,56.46
1146,2019-10-14,56.44,57.1,55.94,56.83
1147,2019-10-15,56.83,57.39,53.4,54.58
1148,2019-10-16,54.57,55.39,51.0,52.45
1149,2019-10-17,52.45,55.22,51.57,54.94
1150,2019-10-18,54.95,55.01,52.19,53.21
1151,2019-10-19,53.21,54.16,52.54,53.72
1152,2019-10-20,53.72,55.46,52.58,54.85
1153,2019-10-21,54.85,55.74,53.67,54.57
1154,2019-10-22,54.57,55.09,52.97,53.39
1155,2019-10-23,53.38,53.44,47.1,49.5
1156,2019-10-24,49.48,50.32,48.3,49.54
1157,2019-10-25,49.55,58.7,49.01,56.93
1158,2019-10-26,56.94,63.37,54.14,56.71
1159,2019-10-27,56.69,62.85,55.59,59.78
1160,2019-10-28,59.79,62.47,57.4,57.7
1161,2019-10-29,57.7,60.75,57.65,59.75
1162,2019-10-30,59.76,61.05,56.88,57.89
1163,2019-10-31,57.9,59.56,57.01,58.29
1164,2019-11-01,58.29,58.8,56.68,58.23
1165,2019-11-02,58.24,59.19,57.73,58.25
1166,2019-11-03,58.24,58.75,57.18,58.29
1167,2019-11-04,58.29,62.4,57.87,61.29
1168,2019-11-05,61.26,64.15,60.89,63.12
1169,2019-11-06,63.13,64.33,62.56,64.11
1170,2019-11-07,64.11,64.33,60.27,61.39
1171,2019-11-08,61.4,62.49,58.93,60.38
1172,2019-11-09,60.36,62.37,60.17,62.04
1173,2019-11-10,62.04,66.19,60.8,63.65
1174,2019-11-11,63.65,64.33,60.47,61.84
1175,2019-11-12,61.84,62.25,59.75,61.42
1176,2019-11-13,61.45,62.05,60.27,60.96
1177,2019-11-14,60.96,61.1,58.25,59.0
1178,2019-11-15,59.0,60.75,56.2,57.6
1179,2019-11-16,57.61,58.98,57.14,58.3
1180,2019-11-17,58.29,59.97,57.55,59.22
1181,2019-11-18,59.21,59.3,54.0,55.81
1182,2019-11-19,55.8,56.23,54.2,55.13
1183,2019-11-20,55.13,56.16,54.61,54.98
1184,2019-11-21,54.99,55.29,48.51,50.61
1185,2019-11-22,50.61,51.55,43.58,47.32
1186,2019-11-23,47.32,48.53,46.13,48.1
1187,2019-11-24,48.11,48.24,43.45,43.86
1188,2019-11-25,43.87,47.42,42.04,45.47
1189,2019-11-26,45.48,47.57,45.22,46.91
1190,2019-11-27,46.91,48.69,44.51,47.7
1191,2019-11-28,47.69,48.0,46.01,46.79
1192,2019-11-29,46.78,49.33,46.73,48.54
1193,2019-11-30,48.55,48.76,46.53,47.21
1194,2019-12-01,47.21,48.45,45.5,47.45
1195,2019-12-02,47.45,47.57,44.71,45.45
1196,2019-12-03,45.44,46.22,44.26,44.75
1197,2019-12-04,44.76,46.98,43.69,44.67
1198,2019-12-05,44.64,45.21,43.7,44.81
1199,2019-12-06,44.78,45.5,44.05,45.28
1200,2019-12-07,45.26,46.5,44.94,45.15
1201,2019-12-08,45.14,46.2,44.81,45.56
1202,2019-12-09,45.55,45.87,44.04,44.45
1203,2019-12-10,44.45,44.67,43.6,44.09
1204,2019-12-11,44.07,44.46,43.27,43.7
1205,2019-12-12,43.7,44.11,42.84,43.65
1206,2019-12-13,43.65,44.55,43.43,44.44
1207,2019-12-14,44.44,44.67,43.19,43.25
1208,2019-12-15,43.28,44.04,42.9,43.44
1209,2019-12-16,43.46,43.56,39.02,39.99
1210,2019-12-17,39.98,40.13,36.1,36.92
1211,2019-12-18,36.94,41.71,35.78,40.79
1212,2019-12-19,40.79,41.1,39.06,39.65
1213,2019-12-20,39.66,40.41,39.25,40.17
1214,2019-12-21,40.15,40.22,39.41,39.67
1215,2019-12-22,39.67,42.16,39.62,41.82
1216,2019-12-23,41.84,42.67,40.21,40.56
1217,2019-12-24,40.56,41.13,39.68,40.34
1218,2019-12-25,40.33,40.48,39.38,40.08
1219,2019-12-26,40.11,41.73,39.58,40.01
1220,2019-12-27,39.99,41.5,39.67,40.95
1221,2019-12-28,40.96,43.76,40.91,42.83
1222,2019-12-29,42.84,43.76,42.14,43.08
1223,2019-12-30,43.07,44.18,41.82,42.38
1224,2019-12-31,42.36,43.05,41.0,41.3
1225,2020-01-01,41.29,42.08,41.16,41.62
1226,2020-01-02,41.58,41.74,39.17,39.43
1227,2020-01-03,39.44,42.39,38.77,42.23
1228,2020-01-04,42.23,42.9,41.77,42.78
1229,2020-01-05,42.79,44.61,42.6,43.3
1230,2020-01-06,43.29,46.08,43.16,45.8
1231,2020-01-07,45.8,47.03,44.48,46.3
1232,2020-01-08,46.3,48.54,44.0,45.35
1233,2020-01-09,45.35,45.79,43.9,44.74
1234,2020-01-10,44.75,49.72,43.71,49.06
1235,2020-01-11,49.06,51.95,47.77,49.3
1236,2020-01-12,49.32,51.75,48.78,51.43
1237,2020-01-13,51.44,51.6,48.91,49.6
1238,2020-01-14,49.59,60.8,49.58,58.39
1239,2020-01-15,58.37,60.33,55.28,58.16
1240,2020-01-16,58.17,58.5,54.5,57.56
1241,2020-01-17,57.56,63.26,56.72,61.02
1242,2020-01-18,61.05,62.5,57.9,59.32
1243,2020-01-19,59.29,62.55,55.34,57.6
1244,2020-01-20,57.59,58.29,55.84,57.19
1245,2020-01-21,57.19,58.09,55.91,57.57
1246,2020-01-22,57.6,59.33,57.18,58.33
1247,2020-01-23,58.33,58.4,52.42,54.52
1248,2020-01-24,54.52,55.41,50.64,54.38
1249,2020-01-25,54.41,54.41,51.9,53.25
1250,2020-01-26,53.26,56.68,52.8,56.24
1251,2020-01-27,56.29,59.65,55.87,58.55
1252,2020-01-28,58.55,61.61,57.28,60.52
1253,2020-01-29,60.54,62.56,59.4,59.8
1254,2020-01-30,59.81,70.22,58.24,67.98
1255,2020-01-31,68.0,70.1,65.37,68.0
1256,2020-02-01,68.02,73.0,67.62,70.72
1257,2020-02-02,70.72,73.5,67.66,69.93
1258,2020-02-03,69.93,73.0,68.45,69.65
1259,2020-02-04,69.65,70.5,66.62,68.07
1260,2020-02-05,68.04,73.47,67.62,72.59
1261,2020-02-06,72.59,75.08,70.91,73.6
1262,2020-02-07,73.59,75.48,72.85,74.3
1263,2020-02-08,74.31,77.94,71.53,76.56
1264,2020-02-09,76.56,78.43,75.0,77.0
1265,2020-02-10,76.99,77.48,72.21,74.02
1266,2020-02-11,73.98,77.4,72.64,76.46
1267,2020-02-12,76.45,82.81,76.44,81.17
1268,2020-02-13,81.2,84.32,77.15,80.55
1269,2020-02-14,80.55,83.79,78.61,83.14
1270,2020-02-15,83.14,83.5,75.04,76.7
1271,2020-02-16,76.74,80.77,67.85,74.67
1272,2020-02-17,74.66,75.5,68.51,73.41
1273,2020-02-18,73.44,79.09,70.0,77.25
1274,2020-02-19,77.25,79.45,67.0,70.61
1275,2020-02-20,70.61,72.43,66.1,69.4
1276,2020-02-21,69.38,75.25,68.56,73.25
1277,2020-02-22,73.25,76.79,72.32,74.79
1278,2020-02-23,74.8,80.0,74.66,79.52
1279,2020-02-24,79.52,79.76,71.71,75.59
1280,2020-02-25,75.57,76.08,69.54,70.98
1281,2020-02-26,70.98,72.15,57.41,60.53
1282,2020-02-27,60.53,65.1,57.15,61.77
1283,2020-02-28,61.76,63.39,56.56,59.89
1284,2020-02-29,59.88,61.65,57.84,58.05
1285,2020-03-01,58.05,60.28,56.21,57.7
1286,2020-03-02,57.72,62.32,57.25,61.42
1287,2020-03-03,61.42,62.4,59.4,61.01
1288,2020-03-04,61.02,61.78,58.71,60.38
1289,2020-03-05,60.38,63.29,60.33,62.06
1290,2020-03-06,62.06,63.84,61.18,63.22
1291,2020-03-07,63.21,63.89,59.86,60.46
1292,2020-03-08,60.46,60.47,50.41,51.0
1293,2020-03-09,51.02,52.27,46.57,50.39
1294,2020-03-10,50.37,51.39,48.86,50.26
1295,2020-03-11,50.24,50.74,45.47,48.53
1296,2020-03-12,48.52,48.76,28.65,29.83
1297,2020-03-13,29.83,39.92,24.0,37.52
1298,2020-03-14,37.51,37.65,33.8,34.4
1299,2020-03-15,34.4,38.73,34.04,36.38
1300,2020-03-16,36.37,36.41,29.29,33.2
1301,2020-03-17,33.23,35.85,32.42,34.07
1302,2020-03-18,34.06,34.83,32.28,34.71
1303,2020-03-19,34.72,40.8,34.0,38.9
1304,2020-03-20,38.9,43.69,34.05,38.08
1305,2020-03-21,38.07,39.84,36.21,38.32
1306,2020-03-22,38.34,39.69,34.82,35.4
1307,2020-03-23,35.42,39.99,34.57,38.94
1308,2020-03-24,38.93,40.95,38.21,40.57
1309,2020-03-25,40.56,41.04,38.09,39.17
1310,2020-03-26,39.17,40.48,38.4,40.41
1311,2020-03-27,40.41,41.21,37.73,38.04
1312,2020-03-28,38.04,39.43,36.61,38.87
1313,2020-03-29,38.85,39.11,36.97,37.11
1314,2020-03-30,37.11,39.7,37.1,38.91
1315,2020-03-31,38.93,39.32,38.33,39.08
1316,2020-04-01,39.07,39.5,37.14,39.23
1317,2020-04-02,39.23,42.92,39.0,39.86
1318,2020-04-03,39.88,41.26,39.64,40.46
1319,2020-04-04,40.49,41.16,39.86,40.71
1320,2020-04-05,40.74,41.0,39.86,40.31
1321,2020-04-06,40.31,45.09,40.28,45.04
1322,2020-04-07,45.03,47.64,43.64,44.77
1323,2020-04-08,44.79,47.2,44.27,46.55
1324,2020-04-09,46.52,46.86,44.69,46.21
1325,2020-04-10,46.19,46.39,40.86,42.25
1326,2020-04-11,42.28,43.16,41.43,42.54
1327,2020-04-12,42.54,43.58,41.83,42.0
1328,2020-04-13,41.99,41.99,39.52,41.22
1329,2020-04-14,41.2,41.85,40.47,41.22
1330,2020-04-15,41.19,41.75,39.08,39.22
1331,2020-04-16,39.24,43.78,37.91,42.53
1332,2020-04-17,42.52,43.01,41.61,42.19
1333,2020-04-18,42.2,44.43,41.98,44.14
1334,2020-04-19,44.16,44.3,41.54,42.23
1335,2020-04-20,42.23,43.24,39.55,40.21
1336,2020-04-21,40.21,41.34,40.01,40.59
1337,2020-04-22,40.59,42.32,40.27,41.8
1338,2020-04-23,41.81,43.91,40.94,42.98
1339,2020-04-24,42.98,44.99,42.83,44.53
1340,2020-04-25,44.52,45.58,43.84,44.38
1341,2020-04-26,44.38,45.39,43.75,44.52
1342,2020-04-27,44.54,45.23,43.16,44.46
1343,2020-04-28,44.47,46.13,43.42,45.69
1344,2020-04-29,45.69,49.91,45.64,48.81
1345,2020-04-30,48.81,50.8,45.59,46.33
1346,2020-05-01,46.33,48.27,46.3,47.07
1347,2020-05-02,47.08,49.6,46.73,49.2
1348,2020-05-03,49.2,50.02,46.61,48.05
1349,2020-05-04,48.07,48.2,45.11,46.96
1350,2020-05-05,46.97,47.76,45.71,46.54
1351,2020-05-06,46.56,47.55,44.55,44.94
1352,2020-05-07,44.92,48.22,44.37,47.37
1353,2020-05-08,47.37,48.43,46.34,47.69
1354,2020-05-09,47.7,49.1,46.75,46.95
1355,2020-05-10,46.97,47.04,39.4,42.06
1356,2020-05-11,42.05,42.9,39.37,41.51
1357,2020-05-12,41.49,42.88,41.26,42.18
1358,2020-05-13,42.18,43.74,41.94,43.18
1359,2020-05-14,43.18,44.38,42.21,43.98
1360,2020-05-15,43.99,44.14,41.82,42.74
1361,2020-05-16,42.73,43.89,42.5,43.25
1362,2020-05-17,43.25,44.49,43.1,43.71
1363,2020-05-18,43.7,46.59,43.64,45.32
1364,2020-05-19,45.33,45.8,44.07,45.73
1365,2020-05-20,45.73,46.14,43.17,44.25
1366,2020-05-21,44.24,44.62,41.66,42.73
1367,2020-05-22,42.72,44.68,42.35,44.23
1368,2020-05-23,44.22,44.74,43.67,43.85
1369,2020-05-24,43.84,44.55,42.04,42.08
1370,2020-05-25,42.08,43.32,41.72,42.97
1371,2020-05-26,42.99,43.07,41.76,42.27
1372,2020-05-27,42.26,44.05,42.22,43.85
1373,2020-05-28,43.86,44.88,43.15,44.77
1374,2020-05-29,44.77,45.29,44.17,44.47
1375,2020-05-30,44.49,48.08,44.18,47.72
1376,2020-05-31,47.72,47.84,45.07,45.61
1377,2020-06-01,45.6,48.81,45.36,48.25
1378,2020-06-02,48.26,49.96,44.0,45.99
1379,2020-06-03,46.01,47.5,45.25,47.16
1380,2020-06-04,47.15,48.1,46.15,47.43
1381,2020-06-05,47.43,47.98,46.42,46.83
1382,2020-06-06,46.8,47.24,46.07,46.79
1383,2020-06-07,46.79,46.98,45.06,46.63
1384,2020-06-08,46.6,46.79,45.95,46.43
1385,2020-06-09,46.45,46.84,45.31,45.87
1386,2020-06-10,45.89,47.19,45.65,46.63
1387,2020-06-11,46.63,46.96,42.0,43.22
1388,2020-06-12,43.22,45.36,42.81,44.72
1389,2020-06-13,44.72,45.22,44.27,45.08
1390,2020-06-14,45.09,45.11,43.53,44.05
1391,2020-06-15,44.04,44.09,41.75,43.73
1392,2020-06-16,43.73,44.22,43.33,43.88
1393,2020-06-17,43.9,45.04,43.0,44.07
1394,2020-06-18,44.07,44.23,42.88,43.43
1395,2020-06-19,43.43,43.73,42.57,42.89
1396,2020-06-20,42.89,43.85,42.21,43.57
1397,2020-06-21,43.57,43.83,42.88,43.0
1398,2020-06-22,43.0,44.67,42.94,44.3
1399,2020-06-23,44.3,44.49,43.89,44.18
1400,2020-06-24,44.18,44.69,42.1,42.65
1401,2020-06-25,42.65,43.0,41.68,42.35
1402,2020-06-26,42.34,43.6,41.37,43.09
1403,2020-06-27,43.1,43.12,39.11,41.06
1404,2020-06-28,41.04,42.05,40.48,41.37
1405,2020-06-29,41.37,42.29,40.59,41.87
1406,2020-06-30,41.87,42.07,40.73,41.17
1407,2020-07-01,41.16,42.01,40.96,41.77
1408,2020-07-02,41.76,41.9,40.28,41.05
1409,2020-07-03,41.03,41.7,40.89,41.14
1410,2020-07-04,41.13,42.23,41.06,42.11
1411,2020-07-05,42.11,42.2,40.75,41.58
1412,2020-07-06,41.58,44.31,41.5,44.06
1413,2020-07-07,44.07,44.49,43.06,43.39
1414,2020-07-08,43.39,45.62,43.1,45.35
1415,2020-07-09,45.35,45.87,43.57,44.33
1416,2020-07-10,44.34,44.64,43.44,44.3
1417,2020-07-11,44.32,44.77,43.85,44.69
1418,2020-07-12,44.68,45.3,43.7,44.7
1419,2020-07-13,44.72,45.59,42.31,43.92
1420,2020-07-14,43.91,44.09,42.86,43.88
1421,2020-07-15,43.88,44.06,42.81,43.33
1422,2020-07-16,43.34,43.49,40.85,42.09
1423,2020-07-17,42.09,42.49,41.72,41.9
1424,2020-07-18,41.88,42.9,41.73,42.45
1425,2020-07-19,42.45,42.89,41.83,42.64
1426,2020-07-20,42.65,42.79,41.37,41.94
1427,2020-07-21,41.94,44.11,41.87,43.77
1428,2020-07-22,43.77,45.12,43.2,44.96
1429,2020-07-23,44.96,45.63,44.52,44.94
1430,2020-07-24,44.93,44.96,43.93,44.11
1431,2020-07-25,44.12,49.52,44.03,49.16
1432,2020-07-26,49.16,50.79,47.49,48.1
1433,2020-07-27,48.07,55.83,46.85,53.28
1434,2020-07-28,53.29,57.92,51.65,55.75
1435,2020-07-29,55.76,56.97,54.65,55.16
1436,2020-07-30,55.17,58.61,53.91,56.75
1437,2020-07-31,56.73,59.26,55.78,58.13
1438,2020-08-01,58.13,62.23,57.55,61.65
1439,2020-08-02,61.65,65.17,51.79,56.77
1440,2020-08-03,56.77,60.03,55.71,58.48
1441,2020-08-04,58.51,59.62,56.26,57.61
1442,2020-08-05,57.62,59.77,56.73,58.88
1443,2020-08-06,58.88,60.68,57.69,59.03
1444,2020-08-07,59.03,61.08,54.51,57.17
1445,2020-08-08,57.19,58.55,56.46,58.46
1446,2020-08-09,58.46,58.67,56.0,56.96
1447,2020-08-10,56.96,59.4,56.38,58.27
1448,2020-08-11,58.27,59.67,52.37,54.1
1449,2020-08-12,54.11,55.05,51.55,54.52
1450,2020-08-13,54.54,57.3,51.86,57.14
1451,2020-08-14,57.14,57.85,55.82,56.78
1452,2020-08-15,56.78,60.87,56.45,59.85
1453,2020-08-16,59.85,64.6,57.8,63.87
1454,2020-08-17,63.89,68.88,61.34,67.22
1455,2020-08-18,67.22,68.37,63.37,65.4
1456,2020-08-19,65.42,67.15,58.73,62.12
1457,2020-08-20,62.08,63.68,61.0,62.8
1458,2020-08-21,62.8,63.9,58.77,59.2
1459,2020-08-22,59.18,60.54,57.76,60.21
1460,2020-08-23,60.21,61.63,58.01,60.55
1461,2020-08-24,60.56,63.01,59.97,62.02
1462,2020-08-25,62.03,62.29,56.6,58.34
1463,2020-08-26,58.33,59.1,57.02,58.1
1464,2020-08-27,58.11,59.24,53.91,56.1
1465,2020-08-28,56.12,58.28,55.33,57.38
1466,2020-08-29,57.36,58.18,56.93,56.97
1467,2020-08-30,56.95,62.95,56.93,62.89
1468,2020-08-31,62.89,63.7,60.51,60.92
1469,2020-09-01,60.94,64.31,59.69,62.69
1470,2020-09-02,62.68,63.19,56.32,58.06
1471,2020-09-03,58.07,58.62,45.33,47.28
1472,2020-09-04,47.28,52.38,46.24,50.32
1473,2020-09-05,50.33,51.32,45.21,47.83
1474,2020-09-06,47.82,49.25,46.28,47.92
1475,2020-09-07,47.93,49.18,45.22,48.84
1476,2020-09-08,48.85,49.35,45.98,47.47
1477,2020-09-09,47.47,48.81,46.52,47.82
1478,2020-09-10,47.82,49.45,47.77,48.67
1479,2020-09-11,48.65,49.59,47.37,48.96
1480,2020-09-12,48.95,51.31,48.38,50.8
1481,2020-09-13,50.82,51.04,47.26,48.15
1482,2020-09-14,48.17,49.65,47.11,49.08
1483,2020-09-15,49.08,50.37,48.1,48.31
1484,2020-09-16,48.29,48.75,46.91,47.76
1485,2020-09-17,47.76,49.67,47.64,48.85
1486,2020-09-18,48.85,49.07,47.44,48.54
1487,2020-09-19,48.53,49.03,47.94,48.52
1488,2020-09-20,48.51,48.51,46.15,47.09
1489,2020-09-21,47.1,47.64,41.59,43.16
1490,2020-09-22,43.17,44.79,42.75,44.47
1491,2020-09-23,44.47,45.14,42.25,42.96
1492,2020-09-24,42.99,45.29,42.56,44.92
1493,2020-09-25,44.92,46.58,43.97,46.02
1494,2020-09-26,46.01,46.56,45.12,46.03
1495,2020-09-27,46.01,46.62,44.56,46.05
1496,2020-09-28,46.05,47.14,44.8,45.23
1497,2020-09-29,45.23,45.85,44.95,45.69
1498,2020-09-30,45.68,46.7,45.44,46.24
1499,2020-10-01,46.26,48.46,45.23,46.25
1500,2020-10-02,46.25,46.97,43.19,44.88
1501,2020-10-03,44.88,45.97,44.72,45.51
1502,2020-10-04,45.5,47.07,45.28,46.69
1503,2020-10-05,46.68,47.08,45.53,46.34
1504,2020-10-06,46.35,48.25,45.52,45.99
1505,2020-10-07,46.01,46.96,45.02,46.55
1506,2020-10-08,46.56,47.5,45.45,47.21
1507,2020-10-09,47.21,48.2,46.59,47.78
1508,2020-10-10,47.78,50.46,47.76,48.88
1509,2020-10-11,48.89,51.27,48.66,50.48
1510,2020-10-12,50.48,51.5,49.24,50.58
1511,2020-10-13,50.58,50.71,48.8,49.89
1512,2020-10-14,49.9,51.04,49.27,49.79
1513,2020-10-15,49.79,50.24,48.8,49.53
1514,2020-10-16,49.52,49.84,45.6,47.6
1515,2020-10-17,47.61,47.64,46.28,46.93
1516,2020-10-18,46.92,47.98,46.78,47.54
1517,2020-10-19,47.54,48.44,46.8,47.99
1518,2020-10-20,47.99,48.46,46.36,46.88
1519,2020-10-21,46.88,55.0,46.85,52.98
1520,2020-10-22,52.98,56.31,52.97,54.35
1521,2020-10-23,54.35,57.0,53.02,55.42
1522,2020-10-24,55.41,59.64,54.83,59.23
1523,2020-10-25,59.22,60.0,56.53,58.84
1524,2020-10-26,58.83,59.31,54.94,56.82
1525,2020-10-27,56.8,59.06,56.46,57.91
1526,2020-10-28,57.9,60.55,54.71,55.77
1527,2020-10-29,55.76,56.57,53.37,54.87
1528,2020-10-30,54.88,55.78,52.2,54.01
1529,2020-10-31,54.02,56.5,53.6,55.72
1530,2020-11-01,55.69,56.19,54.07,55.6
1531,2020-11-02,55.6,56.84,53.01,53.8
1532,2020-11-03,53.82,54.37,51.13,53.96
1533,2020-11-04,53.96,55.24,51.59,54.67
1534,2020-11-05,54.7,59.73,54.62,58.95
1535,2020-11-06,58.94,63.68,58.61,63.2
1536,2020-11-07,63.22,64.77,57.0,58.9
1537,2020-11-08,58.9,62.03,58.52,61.02
1538,2020-11-09,61.0,61.86,57.37,59.23
1539,2020-11-10,59.22,59.6,57.04,57.93
1540,2020-11-11,57.94,60.53,57.8,59.27
1541,2020-11-12,59.28,60.82,57.6,60.72
1542,2020-11-13,60.72,66.66,60.14,65.96
1543,2020-11-14,65.96,66.32,61.63,63.85
1544,2020-11-15,63.83,64.43,61.08,62.28
1545,2020-11-16,62.29,74.62,62.08,73.84
1546,2020-11-17,73.83,77.0,71.36,76.32
1547,2020-11-18,76.32,77.13,67.77,73.42
1548,2020-11-19,73.41,83.4,71.47,81.53
1549,2020-11-20,81.54,85.63,79.99,82.53
1550,2020-11-21,82.55,88.5,80.1,87.14
1551,2020-11-22,87.09,87.92,77.3,82.87
1552,2020-11-23,82.87,90.93,80.8,89.03
1553,2020-11-24,89.04,94.02,84.6,89.25
1554,2020-11-25,89.27,90.76,78.05,81.75
1555,2020-11-26,81.75,83.29,64.45,71.0
1556,2020-11-27,70.99,73.5,65.3,69.15
1557,2020-11-28,69.18,74.97,68.26,72.7
1558,2020-11-29,72.68,81.07,71.51,78.91
1559,2020-11-30,78.89,88.46,76.63,87.65
1560,2020-12-01,87.66,93.01,79.56,85.08
1561,2020-12-02,85.07,90.63,82.61,88.9
1562,2020-12-03,88.89,91.5,85.46,89.0
1563,2020-12-04,89.01,89.84,77.8,79.52
1564,2020-12-05,79.52,84.28,78.61,83.14
1565,2020-12-06,83.11,85.19,80.31,83.55
1566,2020-12-07,83.54,86.87,81.73,83.37
1567,2020-12-08,83.37,84.83,75.41,76.76
1568,2020-12-09,76.75,78.14,72.13,77.41
1569,2020-12-10,77.41,77.66,72.51,74.7
1570,2020-12-11,74.77,75.09,69.87,72.2
1571,2020-12-12,72.2,77.58,71.97,76.67
1572,2020-12-13,76.64,84.38,75.52,82.28
1573,2020-12-14,82.27,82.98,79.11,82.35
1574,2020-12-15,82.38,84.93,80.39,81.32
1575,2020-12-16,81.36,93.44,78.31,92.94
1576,2020-12-17,92.94,109.8,90.0,101.01
1577,2020-12-18,100.99,112.88,99.24,109.34
1578,2020-12-19,109.34,124.24,105.31,119.85
1579,2020-12-20,119.85,123.21,109.76,114.58
1580,2020-12-21,114.59,118.65,100.31,104.45
1581,2020-12-22,104.48,114.63,98.35,114.32
1582,2020-12-23,114.31,117.29,95.23,102.45
1583,2020-12-24,102.46,112.32,98.55,111.13
1584,2020-12-25,111.13,128.63,108.18,127.78
1585,2020-12-26,127.74,135.19,124.94,129.61
1586,2020-12-27,129.61,139.47,121.88,127.88
1587,2020-12-28,127.83,137.41,126.37,129.83
1588,2020-12-29,129.84,130.9,120.0,128.8
1589,2020-12-30,128.8,133.11,122.63,130.05
1590,2020-12-31,130.06,130.35,121.98,124.21
1591,2021-01-01,124.22,133.97,122.89,126.24
1592,2021-01-02,126.2,142.0,123.15,136.96
1593,2021-01-03,136.94,164.7,135.3,161.24
1594,2021-01-04,161.23,173.66,139.31,155.34
1595,2021-01-05,155.33,162.8,146.52,158.43
1596,2021-01-06,158.46,169.72,154.95,168.92
1597,2021-01-07,168.96,181.22,161.18,169.35
1598,2021-01-08,169.35,181.92,150.0,172.19
1599,2021-01-09,172.28,178.8,163.3,177.26
1600,2021-01-10,177.27,185.83,161.86,170.07
1601,2021-01-11,170.06,170.74,112.7,138.87
1602,2021-01-12,138.88,146.86,128.0,133.42
1603,2021-01-13,133.44,148.46,125.9,147.38
1604,2021-01-14,147.39,156.89,143.55,152.5
1605,2021-01-15,152.46,155.74,130.0,143.65
1606,2021-01-16,143.66,152.59,139.28,143.52
1607,2021-01-17,143.52,147.0,136.22,142.8
1608,2021-01-18,142.78,154.99,138.44,151.96
1609,2021-01-19,151.97,166.02,150.18,151.86
1610,2021-01-20,151.85,156.15,138.4,149.69
1611,2021-01-21,149.67,150.25,125.64,129.72
1612,2021-01-22,129.7,141.85,122.7,137.66
1613,2021-01-23,137.65,143.52,135.05,137.67
1614,2021-01-24,137.66,142.65,133.73,141.01
1615,2021-01-25,141.01,147.87,136.62,137.07
1616,2021-01-26,137.07,139.76,127.85,134.67
1617,2021-01-27,134.69,134.96,118.13,122.44
1618,2021-01-28,122.45,135.84,120.74,133.27
1619,2021-01-29,133.25,145.5,131.44,134.65
1620,2021-01-30,134.67,136.23,128.02,133.36
1621,2021-01-31,133.35,135.06,125.67,129.36
1622,2021-02-01,129.37,136.63,125.95,132.0
1623,2021-02-02,131.99,145.82,131.87,141.98
1624,2021-02-03,141.96,156.7,141.92,155.93
1625,2021-02-04,155.94,158.68,141.03,145.07
1626,2021-02-05,145.05,156.93,143.45,155.05
1627,2021-02-06,155.05,164.27,149.82,155.57
1628,2021-02-07,155.57,157.29,145.23,150.76
1629,2021-02-08,150.76,169.38,147.76,167.28
1630,2021-02-09,167.28,184.49,164.22,181.49
1631,2021-02-10,181.52,195.17,169.57,181.56
1632,2021-02-11,181.59,193.59,175.72,183.62
1633,2021-02-12,183.62,199.84,176.75,196.69
1634,2021-02-13,196.71,229.07,191.45,225.76
1635,2021-02-14,225.77,230.77,208.11,213.49
1636,2021-02-15,213.47,219.99,185.31,207.83
1637,2021-02-16,208.03,222.48,200.1,210.26
1638,2021-02-17,210.23,237.75,203.37,237.49
1639,2021-02-18,237.39,239.18,221.0,226.59
1640,2021-02-19,226.58,241.92,220.06,236.5
1641,2021-02-20,236.45,247.04,214.02,226.65
1642,2021-02-21,226.77,233.78,220.06,227.13
1643,2021-02-22,227.17,227.39,180.0,208.32
1644,2021-02-23,208.1,208.8,157.29,177.34
1645,2021-02-24,177.35,189.46,169.08,181.43
1646,2021-02-25,181.43,205.21,175.0,179.36
1647,2021-02-26,179.36,182.86,162.74,170.25
1648,2021-02-27,170.2,180.48,167.13,171.76
1649,2021-02-28,171.75,173.42,152.88,165.22
1650,2021-03-01,165.27,176.46,163.3,175.89
1651,2021-03-02,175.9,185.32,170.69,179.08
1652,2021-03-03,179.06,196.49,176.79,187.64
1653,2021-03-04,187.7,194.4,176.83,180.67
1654,2021-03-05,180.66,183.57,168.5,180.23
1655,2021-03-06,180.21,184.67,174.68,182.85
1656,2021-03-07,182.86,192.24,182.25,190.75
1657,2021-03-08,190.75,195.28,179.58,191.85
1658,2021-03-09,191.86,205.0,188.92,203.81
1659,2021-03-10,203.8,208.0,191.47,200.29
1660,2021-03-11,200.29,203.54,191.03,201.36
1661,2021-03-12,201.37,224.23,198.41,220.84
1662,2021-03-13,220.8,230.23,212.7,226.06
1663,2021-03-14,226.08,228.12,213.84,213.94
1664,2021-03-15,214.0,222.58,197.56,200.59
1665,2021-03-16,200.59,205.53,191.15,201.6
1666,2021-03-17,201.61,206.94,194.13,205.98
1667,2021-03-18,205.96,208.25,199.13,199.7
1668,2021-03-19,199.72,205.0,195.81,199.96
1669,2021-03-20,199.96,206.1,198.82,200.17
1670,2021-03-21,200.16,202.0,192.0,195.31
1671,2021-03-22,195.33,199.0,184.42,185.67
1672,2021-03-23,185.69,189.44,181.12,185.83
1673,2021-03-24,185.82,197.17,172.0,176.05
1674,2021-03-25,176.05,179.03,167.86,171.53
1675,2021-03-26,171.53,183.82,171.44,183.45
1676,2021-03-27,183.44,186.12,177.75,184.06
1677,2021-03-28,184.06,187.29,180.0,184.24
1678,2021-03-29,184.22,197.6,182.45,193.73
1679,2021-03-30,193.73,200.09,190.34,195.74
1680,2021-03-31,195.71,198.99,187.0,196.7
1681,2021-04-01,196.69,205.0,194.0,202.86
1682,2021-04-02,202.87,213.77,200.78,211.46
1683,2021-04-03,211.44,217.97,194.85,195.23
1684,2021-04-04,195.17,204.92,192.22,202.21
1685,2021-04-05,202.24,225.47,198.07,221.48
1686,2021-04-06,221.48,244.59,212.97,237.04
1687,2021-04-07,236.96,242.99,210.77,219.05
1688,2021-04-08,219.22,228.21,216.89,226.11
1689,2021-04-09,226.17,228.99,218.72,221.12
1690,2021-04-10,221.13,257.0,219.16,256.34
1691,2021-04-11,256.55,263.62,244.77,252.31
1692,2021-04-12,252.35,259.94,240.01,244.42
1693,2021-04-13,244.44,273.54,244.36,267.59
1694,2021-04-14,267.61,283.0,255.0,278.86
1695,2021-04-15,278.8,290.9,266.0,285.63
1696,2021-04-16,285.64,317.09,265.5,308.43
1697,2021-04-17,308.39,335.69,296.75,300.86
1698,2021-04-18,300.87,304.83,231.1,273.36
1699,2021-04-19,273.35,284.39,250.21,261.38
1700,2021-04-20,261.47,272.8,234.31,260.68
1701,2021-04-21,260.73,277.0,250.75,257.69
1702,2021-04-22,257.63,289.61,239.0,252.5
1703,2021-04-23,252.6,257.15,206.89,241.31
1704,2021-04-24,241.31,241.41,220.34,224.75
1705,2021-04-25,224.76,235.8,210.73,223.88
1706,2021-04-26,223.9,248.2,221.24,247.42
1707,2021-04-27,247.4,263.15,243.63,259.77
1708,2021-04-28,259.77,266.94,247.58,258.51
1709,2021-04-29,258.5,262.89,248.16,255.31
1710,2021-04-30,255.31,273.58,252.61,271.13
1711,2021-05-01,271.14,278.58,265.9,276.78
1712,2021-05-02,276.77,277.47,264.7,268.88
1713,2021-05-03,268.83,299.72,268.44,294.87
1714,2021-05-04,294.73,327.68,270.0,305.23
1715,2021-05-05,305.24,360.0,300.52,356.04
1716,2021-05-06,356.03,364.93,318.0,354.67
1717,2021-05-07,354.52,374.5,333.33,344.89
1718,2021-05-08,344.89,356.68,334.0,347.1
1719,2021-05-09,347.17,389.0,333.51,387.8
1720,2021-05-10,387.77,413.49,333.68,358.89
1721,2021-05-11,358.93,379.72,345.0,377.6
1722,2021-05-12,377.8,394.37,301.0,310.4
1723,2021-05-13,310.4,332.73,291.0,317.95
1724,2021-05-14,317.95,338.85,307.96,326.23
1725,2021-05-15,326.24,332.0,296.17,300.3
1726,2021-05-16,300.22,323.95,279.66,295.89
1727,2021-05-17,295.89,296.34,261.27,281.53
1728,2021-05-18,281.38,317.97,278.32,293.98
1729,2021-05-19,293.98,300.31,147.0,185.93
1730,2021-05-20,186.31,225.0,166.45,210.74
1731,2021-05-21,210.66,219.12,156.56,179.97
1732,2021-05-22,179.97,184.44,161.61,169.32
1733,2021-05-23,169.3,176.26,118.03,142.39
1734,2021-05-24,142.52,185.37,139.54,185.32
1735,2021-05-25,185.32,194.61,167.15,183.76
1736,2021-05-26,183.89,204.13,179.42,198.91
1737,2021-05-27,198.92,209.0,180.39,194.32
1738,2021-05-28,194.31,198.88,165.5,177.33
1739,2021-05-29,177.3,188.69,157.65,164.01
1740,2021-05-30,164.04,181.1,155.11,170.51
1741,2021-05-31,170.48,188.5,163.5,187.97
1742,2021-06-01,188.01,193.16,175.82,182.99
1743,2021-06-02,183.05,191.34,178.27,187.14
1744,2021-06-03,187.18,197.78,181.95,193.5
1745,2021-06-04,193.52,193.81,168.95,178.44
1746,2021-06-05,178.46,185.49,167.32,172.94
1747,2021-06-06,172.95,179.96,172.02,176.41
1748,2021-06-07,176.42,182.22,160.25,161.95
1749,2021-06-08,161.92,164.48,144.89,160.63
1750,2021-06-09,160.64,173.3,152.31,172.56
1751,2021-06-10,172.54,174.61,162.12,168.16
1752,2021-06-11,168.18,173.78,160.55,162.83
1753,2021-06-12,162.84,164.3,154.14,161.8
1754,2021-06-13,161.81,171.59,156.42,170.85
1755,2021-06-14,170.85,179.99,166.34,179.89
1756,2021-06-15,179.88,181.2,172.15,175.15
1757,2021-06-16,175.16,177.31,164.23,166.57
1758,2021-06-17,166.56,173.4,162.81,167.08
1759,2021-06-18,167.13,167.43,151.2,156.34
1760,2021-06-19,156.33,160.88,152.31,152.49
1761,2021-06-20,152.51,156.18,143.75,154.88
1762,2021-06-21,154.87,155.5,123.91,124.46
1763,2021-06-22,124.38,133.03,104.92,119.64
1764,2021-06-23,119.69,133.75,115.49,129.1
1765,2021-06-24,129.13,137.36,123.71,134.58
1766,2021-06-25,134.59,138.45,124.31,125.0
1767,2021-06-26,125.03,129.44,118.67,126.89
1768,2021-06-27,126.81,132.67,124.66,132.6
1769,2021-06-28,132.57,139.55,129.89,137.69
1770,2021-06-29,137.68,149.18,137.24,144.2
1771,2021-06-30,144.23,146.94,136.01,144.26
1772,2021-07-01,144.31,144.31,133.99,137.02
1773,2021-07-02,137.01,138.97,130.6,136.85
1774,2021-07-03,136.87,141.37,134.57,140.17
1775,2021-07-04,140.19,148.1,136.88,144.95
1776,2021-07-05,144.96,145.03,133.84,137.71
1777,2021-07-06,137.76,142.73,135.6,138.87
1778,2021-07-07,138.86,142.93,136.87,137.41
1779,2021-07-08,137.38,137.74,127.77,132.15
1780,2021-07-09,132.11,135.85,126.0,134.58
1781,2021-07-10,134.54,136.82,130.32,133.99
1782,2021-07-11,133.99,136.48,132.08,134.28
1783,2021-07-12,134.28,139.75,131.82,133.38
1784,2021-07-13,133.32,134.61,129.35,131.44
1785,2021-07-14,131.45,132.42,123.59,131.07
1786,2021-07-15,131.06,133.13,121.93,125.86
1787,2021-07-16,125.88,127.87,120.38,120.65
1788,2021-07-17,120.66,122.92,117.68,119.95
1789,2021-07-18,120.0,124.05,116.23,119.17
1790,2021-07-19,119.16,120.75,111.82,113.13
1791,2021-07-20,113.14,115.09,103.83,107.29
1792,2021-07-21,107.31,119.24,105.05,117.74
1793,2021-07-22,117.77,122.0,115.61,120.67
1794,2021-07-23,120.69,124.78,117.02,124.24
1795,2021-07-24,124.27,127.7,123.29,125.99
1796,2021-07-25,126.0,127.99,123.51,127.68
1797,2021-07-26,127.64,140.47,126.85,131.06
1798,2021-07-27,131.06,135.12,127.27,134.74
1799,2021-07-28,134.73,142.0,132.39,140.42
1800,2021-07-29,140.48,143.0,136.55,141.44
1801,2021-07-30,141.44,145.88,135.86,145.51
1802,2021-07-31,145.51,146.6,141.83,144.37
1803,2021-08-01,144.35,149.78,138.04,140.31
1804,2021-08-02,140.31,145.93,138.76,141.35
1805,2021-08-03,141.32,143.24,135.6,138.49
1806,2021-08-04,138.49,144.5,135.54,142.57
1807,2021-08-05,142.57,145.19,136.12,143.53
1808,2021-08-06,143.51,150.9,141.73,147.95
1809,2021-08-07,147.93,156.39,147.06,155.92
1810,2021-08-08,155.92,157.63,147.0,149.69
1811,2021-08-09,149.69,170.78,145.15,166.31
1812,2021-08-10,166.27,168.28,158.79,165.38
1813,2021-08-11,165.38,176.07,164.23,170.6
1814,2021-08-12,170.57,179.74,160.77,165.38
1815,2021-08-13,165.41,184.57,164.0,183.31
1816,2021-08-14,183.32,185.11,174.62,182.76
1817,2021-08-15,182.78,186.55,175.18,184.6
1818,2021-08-16,184.59,189.03,176.35,177.93
1819,2021-08-17,177.96,184.38,168.01,168.61
1820,2021-08-18,168.6,174.54,162.92,166.65
1821,2021-08-19,166.64,175.82,162.66,175.59
1822,2021-08-20,175.57,184.11,174.11,183.59
1823,2021-08-21,183.59,184.48,176.52,179.63
1824,2021-08-22,179.57,189.6,178.38,185.91
1825,2021-08-23,185.85,191.94,183.61,187.01
1826,2021-08-24,186.98,188.64,172.25,173.42
1827,2021-08-25,173.39,179.0,169.06,177.75
1828,2021-08-26,177.76,180.18,164.9,167.7
1829,2021-08-27,167.7,176.35,165.0,176.2
1830,2021-08-28,176.2,177.1,171.3,175.6
1831,2021-08-29,175.7,182.6,173.1,174.3
1832,2021-08-30,174.4,176.5,166.5,167.3
1833,2021-08-31,167.4,175.4,165.6,171.5
1834,2021-09-01,171.6,182.8,168.5,180.9
1835,2021-09-02,180.9,187.9,179.4,183.3
1836,2021-09-03,183.4,217.7,179.8,212.9
1837,2021-09-04,212.9,225.2,208.4,211.9
1838,2021-09-05,212.0,232.56,210.5,232.2
1839,2021-09-06,232.2,232.3,214.8,219.4
1840,2021-09-07,219.4,221.9,162.1,178.5
1841,2021-09-08,178.4,189.0,169.3,179.7
1842,2021-09-09,179.7,188.6,176.5,180.5
1843,2021-09-10,180.5,187.4,170.7,174.1
1844,2021-09-11,174.1,186.2,173.4,178.6
1845,2021-09-12,178.6,186.2,175.1,183.0
1846,2021-09-13,183.1,240.0,170.7,179.4
1847,2021-09-14,179.4,189.0,176.1,183.1
1848,2021-09-15,183.0,192.1,179.6,189.0
1849,2021-09-16,189.1,195.4,181.5,185.2
1850,2021-09-17,185.2,190.5,177.5,180.0
1851,2021-09-18,180.0,185.8,177.9,181.4
1852,2021-09-19,181.3,181.7,172.5,175.6
1853,2021-09-20,175.6,176.0,153.3,157.2
1854,2021-09-21,157.2,162.3,144.7,148.5
1855,2021-09-22,148.6,161.8,145.3,161.4
1856,2021-09-23,161.4,165.0,157.1,163.9
1857,2021-09-24,163.9,166.6,141.6,152.1
1858,2021-09-25,152.0,155.9,148.8,151.0
1859,2021-09-26,150.9,153.4,141.9,150.7
1860,2021-09-27,150.7,154.9,144.8,145.0
1861,2021-09-28,145.0,149.0,140.0,140.6
1862,2021-09-29,140.5,150.4,139.7,144.7
1863,2021-09-30,144.8,154.5,143.9,153.3
1864,2021-10-01,153.2,168.1,151.1,166.2
1865,2021-10-02,166.1,172.8,164.4,168.9
1866,2021-10-03,168.9,175.0,165.7,170.5
1867,2021-10-04,170.5,170.9,161.3,167.5
1868,2021-10-05,167.5,175.4,166.6,173.8
1869,2021-10-06,173.7,183.0,163.8,178.5
1870,2021-10-07,178.5,187.0,173.4,178.6
1871,2021-10-08,178.6,183.4,174.4,175.9
1872,2021-10-09,175.9,182.9,174.4,179.9
1873,2021-10-10,179.9,184.0,174.0,174.8
1874,2021-10-11,174.8,185.4,172.0,179.1
1875,2021-10-12,179.2,179.2,166.3,172.6
1876,2021-10-13,172.6,179.7,167.6,177.6
1877,2021-10-14,177.7,186.7,176.9,181.3
1878,2021-10-15,181.3,193.0,176.4,189.6
1879,2021-10-16,189.7,192.6,185.0,186.0
1880,2021-10-17,186.0,188.1,176.4,183.7
1881,2021-10-18,183.8,187.6,178.5,185.6
1882,2021-10-19,185.5,191.6,183.1,188.8
1883,2021-10-20,188.8,209.4,185.6,207.3
1884,2021-10-21,207.4,214.7,195.2,196.8
1885,2021-10-22,196.8,201.5,187.9,191.0
1886,2021-10-23,191.0,198.0,188.7,196.3
1887,2021-10-24,196.3,199.9,185.2,190.4
1888,2021-10-25,190.4,197.4,189.6,195.5
1889,2021-10-26,195.5,199.4,190.3,197.6
1890,2021-10-27,197.5,205.0,171.1,179.3
1891,2021-10-28,179.2,194.5,177.6,189.8
1892,2021-10-29,189.8,198.7,188.1,196.7
1893,2021-10-30,196.7,197.3,186.6,190.2
1894,2021-10-31,190.2,195.2,186.7,191.9
1895,2021-11-01,191.9,201.2,187.8,197.6
1896,2021-11-02,197.6,204.9,195.1,200.9
1897,2021-11-03,200.9,209.3,197.4,207.3
1898,2021-11-04,207.3,207.3,196.1,202.6
1899,2021-11-05,202.6,203.3,196.7,198.9
1900,2021-11-06,198.9,201.1,191.0,197.6
1901,2021-11-07,197.6,202.1,196.9,202.0
1902,2021-11-08,202.1,229.7,202.0,229.0
1903,2021-11-09,229.0,274.6,226.5,262.0
1904,2021-11-10,262.0,295.7,251.6,260.4
1905,2021-11-11,260.3,274.2,250.5,262.3
1906,2021-11-12,262.2,282.7,243.7,251.2
1907,2021-11-13,251.1,264.2,245.2,257.7
1908,2021-11-14,257.7,279.7,248.4,279.3
1909,2021-11-15,279.3,281.5,259.0,263.0
1910,2021-11-16,263.0,263.3,222.5,230.2
1911,2021-11-17,230.4,235.4,217.6,229.6
1912,2021-11-18,229.6,232.4,199.4,204.2
1913,2021-11-19,204.1,221.3,199.5,217.9
1914,2021-11-20,217.9,227.8,212.4,226.8
1915,2021-11-21,226.8,230.8,219.6,221.1
1916,2021-11-22,221.2,221.7,205.2,209.1
1917,2021-11-23,209.1,218.8,205.1,216.2
1918,2021-11-24,216.2,217.7,205.9,212.2
1919,2021-11-25,212.2,229.8,210.7,222.9
1920,2021-11-26,223.0,224.9,190.0,195.7
1921,2021-11-27,195.7,201.0,190.6,195.1
1922,2021-11-28,195.0,199.9,182.0,199.5
1923,2021-11-29,199.5,209.5,194.9,205.5
1924,2021-11-30,205.5,219.9,197.4,207.8
1925,2021-12-01,207.8,217.8,205.1,208.8
1926,2021-12-02,208.7,210.1,199.9,203.5
1927,2021-12-03,203.5,208.1,179.3,188.0
1928,2021-12-04,188.0,189.3,129.3,162.7
1929,2021-12-05,162.7,165.0,148.0,156.3
1930,2021-12-06,156.3,164.5,141.3,161.3
1931,2021-12-07,161.3,165.8,158.2,161.8
1932,2021-12-08,161.8,170.3,155.8,165.1
1933,2021-12-09,165.2,167.1,151.1,151.3
1934,2021-12-10,151.4,159.8,147.5,148.3
1935,2021-12-11,148.4,159.5,145.7,158.0
1936,2021-12-12,158.0,162.9,153.2,159.0
1937,2021-12-13,158.9,159.9,142.7,144.6
1938,2021-12-14,144.6,151.9,142.9,150.4
1939,2021-12-15,150.3,155.0,141.7,153.6
1940,2021-12-16,153.5,156.7,148.5,148.9
1941,2021-12-17,148.9,150.3,141.2,144.1
1942,2021-12-18,144.1,150.3,142.8,148.6
1943,2021-12-19,148.6,161.1,147.6,153.2
1944,2021-12-20,153.2,157.4,145.2,152.6
1945,2021-12-21,152.7,156.4,149.1,154.7
1946,2021-12-22,154.8,160.2,152.9,155.4
1947,2021-12-23,155.4,165.2,153.0,163.6
1948,2021-12-24,163.6,166.8,160.1,161.2
1949,2021-12-25,161.2,163.6,157.3,157.8
1950,2021-12-26,157.8,158.4,152.6,155.7
1951,2021-12-27,155.8,161.3,154.4,155.9
1952,2021-12-28,155.9,156.0,144.5,145.7
1953,2021-12-29,145.6,151.0,143.9,145.5
1954,2021-12-30,145.5,150.0,142.7,148.0
1955,2021-12-31,147.9,152.7,143.7,146.3
1956,2022-01-01,146.2,151.0,146.1,150.8
1957,2022-01-02,150.8,153.4,147.8,151.2
1958,2022-01-03,151.1,151.2,146.0,148.5
1959,2022-01-04,148.4,151.7,145.2,146.5
1960,2022-01-05,146.5,150.0,129.8,135.4
1961,2022-01-06,135.3,138.1,132.4,135.9
1962,2022-01-07,135.9,136.5,125.9,131.4
1963,2022-01-08,131.4,134.8,124.8,129.4
1964,2022-01-09,129.4,132.6,127.7,130.9
1965,2022-01-10,130.8,131.5,120.7,126.5
1966,2022-01-11,126.6,133.5,125.7,131.6
1967,2022-01-12,131.6,142.3,130.8,141.9
1968,2022-01-13,142.0,142.4,134.6,136.7
1969,2022-01-14,136.7,146.7,135.8,144.7
1970,2022-01-15,144.7,150.7,144.0,147.7
1971,2022-01-16,147.6,149.0,143.2,146.4
1972,2022-01-17,146.4,153.9,144.1,151.2
1973,2022-01-18,151.1,153.4,138.6,141.5
1974,2022-01-19,141.4,143.0,133.2,136.2
1975,2022-01-20,136.2,142.9,128.8,129.7
1976,2022-01-21,129.6,131.1,109.8,114.5
1977,2022-01-22,114.5,117.0,96.3,108.4
1978,2022-01-23,108.4,112.8,105.6,112.3
1979,2022-01-24,112.3,112.3,97.5,109.5
1980,2022-01-25,109.6,109.9,105.1,107.8
1981,2022-01-26,107.9,116.5,104.6,106.9
1982,2022-01-27,107.0,110.0,102.8,106.9
1983,2022-01-28,106.8,110.0,105.2,109.4
1984,2022-01-29,109.5,112.4,107.5,110.8
1985,2022-01-30,110.9,112.2,107.0,108.6
1986,2022-01-31,108.5,111.3,104.3,109.5
1987,2022-02-01,109.4,116.9,108.2,115.0
1988,2022-02-02,115.1,116.0,107.3,108.3
1989,2022-02-03,108.3,111.1,105.4,111.0
1990,2022-02-04,110.9,121.5,108.7,121.3
1991,2022-02-05,121.3,123.8,118.8,121.7
1992,2022-02-06,121.8,128.0,120.5,127.6
1993,2022-02-07,127.5,139.9,125.0,137.4
1994,2022-02-08,137.4,142.9,130.4,133.7
1995,2022-02-09,133.6,141.0,132.0,140.1
1996,2022-02-10,140.0,143.8,134.0,134.6
1997,2022-02-11,134.5,134.8,124.8,125.6
1998,2022-02-12,125.6,127.6,120.8,126.7
1999,2022-02-13,126.7,128.9,123.5,125.6
2000,2022-02-14,125.6,127.0,121.4,124.6
2001,2022-02-15,124.6,132.6,123.9,131.5
2002,2022-02-16,131.6,131.8,125.4,127.7
2003,2022-02-17,127.8,129.0,114.8,116.3
2004,2022-02-18,116.3,123.6,114.1,114.9
2005,2022-02-19,114.9,117.2,113.0,115.5
2006,2022-02-20,115.5,115.8,108.4,110.6
2007,2022-02-21,110.6,114.5,102.0,102.8
2008,2022-02-22,102.7,107.9,100.2,107.4
2009,2022-02-23,107.4,111.5,104.9,105.4
