,ENSEMBLE_MODELS,MSE,RMSE,MAE,MAPE,R2
0,HYBRID,0.0006411246125207,0.0243726942395436,0.0188959681253163,0.0454118196024666,0.6528582379140583
1,GRU,0.0006342887393071,0.0242681080626058,0.0189499397416276,0.0456129488165019,0.6569238622818664
2,LSTM,0.0006036591484354,0.0236123990683066,0.0184812171720594,0.0444764486465572,0.6754722181600541
3,TCN,0.0006487228334532,0.024540656192638,0.0190072293415323,0.0458574084567044,0.6507749392217009
4,TFT,0.0006734212487436,0.0250319406020948,0.0192089828024242,0.0464483766473686,0.638414780213637
5,RF,0.0006848675269231,0.0251361250263907,0.0192787126271764,0.0464517835914724,0.6397249839179567
6,SVR,0.0007708709630598,0.0268057392349178,0.02052389064131,0.0494110061019903,0.5774977240288907
7,KNN,0.0006466333225248,0.0244683049893948,0.0188398203664363,0.0455065697819407,0.6567791776216462
8,ARIMA,0.0006490916346876,0.0245571609420787,0.018925575305318,0.0456845525344583,0.650731082960837
9,HYBRID_GRU,0.0006319232444816,0.0241864128580878,0.0188246387342954,0.0452845696302579,0.6597368740726045
10,HYBRID_LSTM,0.0006159531804547,0.0238617698076616,0.0185806402901741,0.0446911445510824,0.6684311213614295
11,HYBRID_TCN,0.0006383163421578,0.0243235721342134,0.0188583662164646,0.0453909217146895,0.6559505552245394
12,HYBRID_TFT,0.0006478915774382,0.024517886205123,0.0189011512194044,0.0455387771433014,0.6507132164440357
13,HYBRID_RF,0.0006520924708922,0.0245469286366287,0.0189260363733051,0.0455254323941222,0.6530720844033204
14,HYBRID_SVR,0.0006908634433799,0.0253396765589935,0.0194653069773386,0.0468473512763679,0.624376538027732
15,HYBRID_KNN,0.0006367792705846,0.0242795867834961,0.0187610637429727,0.0451758618505128,0.6590818217285702
16,HYBRID_ARIMA,0.000638082454308,0.0243260302159651,0.0188075724511929,0.0452858936350672,0.6559867376929587
17,GRU_LSTM,0.0006138078771313,0.0238271265988963,0.0186423761052932,0.0448604919334186,0.6698750875505238
18,GRU_TCN,0.0006350815757617,0.0242670217349879,0.0188773356765427,0.0454713329021833,0.6585175229211573
19,GRU_TFT,0.0006420608895286,0.0243995941103966,0.0188803987572053,0.0455367826418524,0.6558122928351563
20,GRU_RF,0.0006489281412357,0.0244918750589102,0.0189335227462908,0.0455706601932072,0.655121516490428
21,GRU_SVR,0.0006866761829698,0.025261702209597,0.0194720806954155,0.0468797045673733,0.627869230775608
22,GRU_KNN,0.0006335784415012,0.0242208208699616,0.0187862213808092,0.0452676232560591,0.6615754778758712
23,GRU_ARIMA,0.000634982793391,0.0242697634275139,0.0188355171185418,0.0453775099601085,0.6584654871620864
24,LSTM_TCN,0.0006226499061309,0.0240105185375154,0.0186799677873528,0.0450058547208921,0.6650947429817596
25,LSTM_TFT,0.0006294371065046,0.0241540240055655,0.018683896153984,0.0450950093156781,0.6618224834023803
26,LSTM_RF,0.0006339868142799,0.0241915199916196,0.018715696846282,0.0450761650893084,0.6632038003548079
27,LSTM_SVR,0.0006699544364946,0.0249350822228894,0.0192442854403578,0.0463328966956722,0.6368351948495911
28,LSTM_KNN,0.0006207299208146,0.0239597879682629,0.0185877629249044,0.0448109513855785,0.6682722062524079
29,LSTM_ARIMA,0.0006224827699336,0.0240139291659013,0.0186329285621318,0.044899910711459,0.6650834111698528
30,TCN_TFT,0.0006567115954104,0.024696275293124,0.0190466117983649,0.0460145458801873,0.647166864975151
31,TCN_RF,0.0006582153639324,0.0246793121648695,0.0190237698214427,0.0458807012583484,0.6502216198408932
32,TCN_SVR,0.000695205230442,0.025433012312518,0.019547757463929,0.0471259151032564,0.6229293306412568
33,TCN_KNN,0.0006457934269015,0.0244697284499792,0.0188996536249599,0.0456256803435547,0.6548089477314761
34,TCN_ARIMA,0.0006478799486478,0.0245291561010525,0.0189485401016903,0.0457317852203925,0.6513105682838954
35,TFT_RF,0.0006682119400696,0.0248722948970456,0.019100531253581,0.046116570854246,0.6459649046769887
36,TFT_SVR,0.000706512752365,0.0256392768567223,0.0196250515581823,0.0473659875251188,0.6178897407675249
37,TFT_KNN,0.0006554316723578,0.0246564977749237,0.0189690349345824,0.0458528048854475,0.6505108555069037
38,TFT_ARIMA,0.0006570748958654,0.0247078241387588,0.0189899673618312,0.0459042983141626,0.6471352619352394
39,RF_SVR,0.0007113039594926,0.0256778867177537,0.0196219042562238,0.0472793726524156,0.6194264641671231
40,RF_KNN,0.0006576592286569,0.0246497125129481,0.0189529118651715,0.0457407879784138,0.6529873336362567
41,RF_ARIMA,0.0006582407331153,0.0246862647870016,0.0189752705678361,0.0457821188115941,0.6501014252926774
42,SVR_KNN,0.0006951357673012,0.0254043170848658,0.0194788705871931,0.0469905897088613,0.6260244967925984
43,SVR_ARIMA,0.0006976034881439,0.0254799737219857,0.0195167464624714,0.0470726478271857,0.6218768542644691
44,KNN_ARIMA,0.0006465188157978,0.0244864505199415,0.0188481704096525,0.0455222991188757,0.6545876025169429
45,HYBRID_GRU_LSTM,0.0006186294120008,0.0239156697103336,0.0186563062197396,0.0448839501480522,0.6674353348424726
46,HYBRID_GRU_TCN,0.0006330164960359,0.0242135570403894,0.0188090002493755,0.0452746621655629,0.6595847521617308
47,HYBRID_GRU_TFT,0.0006376298107212,0.0243039137293102,0.0188202341536672,0.045334423288667,0.6574280645286246
48,HYBRID_GRU_RF,0.0006412771719652,0.0243460054162753,0.0188371860325413,0.0453159152810241,0.6580238684168367
49,HYBRID_GRU_SVR,0.0006657296853819,0.0248533792183562,0.0191970438088454,0.0462006294834952,0.6400723052532181
50,HYBRID_GRU_KNN,0.0006318974613241,0.0241814096685253,0.0187532168626475,0.0451492188237901,0.6616683796545123
51,HYBRID_GRU_ARIMA,0.0006328276646896,0.024213909576131,0.0187823634299244,0.0452171126872391,0.6595825791726483
52,HYBRID_LSTM_TCN,0.0006237967911738,0.0240282732545528,0.0186656791371586,0.0449293539242168,0.6643111425527889
53,HYBRID_LSTM_TFT,0.0006283247233316,0.0241235560985914,0.0186692179330779,0.0449716388070067,0.6619024421593519
54,HYBRID_LSTM_RF,0.0006309420638475,0.0241412631574702,0.0186857938412539,0.0449629817317996,0.6634191760540179
55,HYBRID_LSTM_SVR,0.0006546032797001,0.0246364438689649,0.0190397984270736,0.0458171143285761,0.6458603596502231
56,HYBRID_LSTM_KNN,0.0006224924893261,0.023994084699613,0.0186104573339529,0.0448053390049124,0.6664478848526524
57,HYBRID_LSTM_ARIMA,0.000623577580349,0.0240289978913487,0.0186412848631044,0.0448769679331066,0.6643270602068904
58,HYBRID_TCN_TFT,0.0006453788238783,0.0244672687784019,0.0188957848350723,0.0455412556636814,0.6525860580992048
59,HYBRID_TCN_RF,0.0006466424150036,0.0244605713429944,0.0188862983866986,0.045468602227881,0.6548465418690329
60,HYBRID_TCN_SVR,0.0006707579616539,0.0249605522041113,0.0192386553053189,0.0463219963074909,0.6368771993788291
61,HYBRID_TCN_KNN,0.0006385639322308,0.0243233385822641,0.0188047301382208,0.0453012169623257,0.6576614382201041
62,HYBRID_TCN_ARIMA,0.0006397973221992,0.0243605886004729,0.0188390369634895,0.0453838307004583,0.6554030205232196
63,HYBRID_TFT_RF,0.0006525967250289,0.0245781893393083,0.0189300175710966,0.0456063881329535,0.6520003255229415
64,HYBRID_TFT_SVR,0.0006772949142506,0.0250842107374594,0.0192752258907947,0.0464441655218194,0.6336830387172588
65,HYBRID_TFT_KNN,0.0006443589841757,0.0244380770077882,0.0188332549659925,0.0454091192218937,0.6547968320692713
66,HYBRID_TFT_ARIMA,0.0006453953527046,0.0244716864148126,0.0188631789219973,0.045479843752791,0.6525929858727942
67,HYBRID_RF_SVR,0.0006800195991728,0.0251031126793706,0.0192600941911931,0.046355980898328,0.6352688222813107
68,HYBRID_RF_KNN,0.0006459442687296,0.0244359096117159,0.0188335531245832,0.0453591064169099,0.6568002844021031
69,HYBRID_RF_ARIMA,0.0006465087621256,0.0244629267404721,0.0188509671331639,0.0453961058648689,0.6548140760847749
70,HYBRID_SVR_KNN,0.0006702761141064,0.0249365954398243,0.0191844176657609,0.0462089102613781,0.6389773651812231
71,HYBRID_SVR_ARIMA,0.0006716789258954,0.0249812197648472,0.0192177641790412,0.0462883196085647,0.6364303861152059
72,HYBRID_KNN_ARIMA,0.0006387413992254,0.0243300599889726,0.0187722640835213,0.045235573497614,0.6575840165841497
73,GRU_LSTM_TCN,0.0006221651905445,0.0239993537097145,0.0187068595700714,0.0450482204464149,0.66564204379446
74,GRU_LSTM_TFT,0.0006255393796891,0.024066226113487,0.0186784329332885,0.0450228326129504,0.664358726822749
75,GRU_LSTM_RF,0.0006293417684358,0.0241127288870342,0.0187218200737132,0.0450621246370504,0.6645200614692403
76,GRU_LSTM_SVR,0.0006525483483979,0.0245973985147401,0.0190622959725868,0.0458829050530474,0.6476026942480088
77,GRU_LSTM_KNN,0.0006208759719468,0.0239641695648399,0.0186466032570172,0.0449132184820118,0.667746203183516
78,GRU_LSTM_ARIMA,0.0006220060265993,0.0240001546174918,0.0186777683899991,0.0449802337391725,0.6656187533474549
79,GRU_TCN_TFT,0.0006421092744257,0.0244009276048165,0.0188829322768685,0.0455478512816552,0.6555414546920689
80,GRU_TCN_RF,0.0006445579137818,0.0244223751857659,0.0188842908161288,0.0454890772004398,0.6564465390653766
81,GRU_TCN_SVR,0.0006682188245415,0.024912194054724,0.0192444334872284,0.0463531841670545,0.6391186457577366
82,GRU_TCN_KNN,0.0006364632090414,0.0242836875551336,0.018822934852975,0.0453763835155556,0.6594588683320893
83,GRU_TCN_ARIMA,0.0006377415626393,0.0243220810735069,0.0188590259183572,0.0454595748507644,0.6571938254449057
84,GRU_TFT_RF,0.0006493584811487,0.0245122548669517,0.0189062585717905,0.0455807520332087,0.6547257004742407
85,GRU_TFT_SVR,0.00067360203448,0.0250091172823451,0.019266954734471,0.0464461414709774,0.6370498628511219
86,GRU_TFT_KNN,0.000641104518328,0.0243706831636843,0.0188192745381273,0.0454096290113841,0.6577196399362121
87,GRU_TFT_ARIMA,0.0006421858504865,0.0244054090265942,0.0188480923920919,0.0454757956448521,0.6555091685494358
88,GRU_RF_SVR,0.000677511767278,0.0250551612914922,0.0192698277798146,0.0463919266269866,0.6372802528337691
89,GRU_RF_KNN,0.0006438748507578,0.0243967594043993,0.0188284998170612,0.0453665636438277,0.6583676986876393
90,GRU_RF_ARIMA,0.0006444843077833,0.024424821261679,0.0188552593394028,0.0454235762497698,0.6563748651800119
91,GRU_SVR_KNN,0.0006677520602441,0.024887270160105,0.019192407421722,0.0462442444103635,0.641186228649323
92,GRU_SVR_ARIMA,0.0006691998356627,0.0249329670724451,0.0192222309241311,0.0463136413795638,0.6386326243930066
93,GRU_KNN_ARIMA,0.0006367007229156,0.0242905624775205,0.0187888509525144,0.0453003911297754,0.6593422385950282
94,LSTM_TCN_TFT,0.0006343768067677,0.0242505471675226,0.0187680611951824,0.0452940782047204,0.6590749311740721
95,LSTM_TCN_RF,0.0006357954253957,0.0242476057119688,0.0187660159690698,0.0452258008606707,0.6609009457122368
96,LSTM_TCN_SVR,0.0006586650385913,0.0247248162966021,0.0191128279671777,0.0460495005253575,0.6439657991644203
97,LSTM_TCN_KNN,0.000628630856775,0.0241267292822543,0.0187077697236843,0.0451104940470464,0.6632974725399081
98,LSTM_TCN_ARIMA,0.0006300640980304,0.0241674167164329,0.0187383373042211,0.0451751659598001,0.6609974054888266
99,LSTM_TFT_RF,0.0006405106066267,0.0243424576806066,0.018779401288498,0.0453077032715598,0.6589280934579819
100,LSTM_TFT_SVR,0.0006639628623938,0.0248262118531828,0.0191356164531394,0.0461448598313411,0.6416450025946864
101,LSTM_TFT_KNN,0.0006331867799256,0.0242183637930364,0.0187078341779263,0.0451685059877477,0.6613062304809119
102,LSTM_TFT_ARIMA,0.0006344229997416,0.0242554610453059,0.0187359424265488,0.0452294465243378,0.6590607349302374
103,LSTM_RF_SVR,0.0006668425780722,0.0248489598223521,0.0191256158034154,0.0460630386526996,0.6427963234865763
104,LSTM_RF_KNN,0.0006349270952358,0.0242200216737091,0.0187125524150322,0.0451179796132014,0.6628752201415814
105,LSTM_RF_ARIMA,0.0006356914399188,0.0242504075377218,0.0187387737111053,0.045169290196497,0.660847362470056
106,LSTM_SVR_KNN,0.000658013007158,0.0246979301883133,0.0190570640160844,0.0459316699847985,0.6460864968630887
107,LSTM_SVR_ARIMA,0.000659615670234,0.0247461366674696,0.0190888235803418,0.0460001526624898,0.6434978684428745
108,LSTM_KNN_ARIMA,0.0006288379911707,0.0241339501935676,0.0186747351785038,0.0450423640496156,0.6631989334460308
109,TCN_TFT_RF,0.0006583937726501,0.0246973344279922,0.0190188637413061,0.0459163821442286,0.6493887688095841
110,TCN_TFT_SVR,0.0006823003592149,0.0251856379739207,0.019361845429708,0.0467285368898234,0.6316951518598799
111,TCN_TFT_KNN,0.0006514410376976,0.0245829133859516,0.0189474962263495,0.0457769127143026,0.6515530933849508
112,TCN_TFT_ARIMA,0.000652825556459,0.0246221722777373,0.0189721289338356,0.0458361622421097,0.649170004783154
113,TCN_RF_SVR,0.0006838263213369,0.0251843000609157,0.0193368958435643,0.0466188701708021,0.6335902234920603
114,TCN_RF_KNN,0.0006518275994514,0.0245604318805147,0.0189296153885013,0.0456820881313108,0.6538658337859111
115,TCN_RF_ARIMA,0.0006527402430798,0.0245931748474345,0.0189522968268403,0.045728650032873,0.6517003830632632
116,TCN_SVR_KNN,0.0006753678421713,0.0250428386511173,0.0192643118228293,0.0464760987815254,0.6366665844210098
117,TCN_SVR_ARIMA,0.0006771188041927,0.0250931234712229,0.0192974471347754,0.0465476622398839,0.6339403629496728
118,TCN_KNN_ARIMA,0.0006462578860803,0.024486137752658,0.0188942574524394,0.0456167976175368,0.6538381415916749
119,TFT_RF_SVR,0.0006905505396446,0.025307578113961,0.019385576906327,0.0467720338910695,0.63083188121007
120,TFT_RF_KNN,0.0006578099171072,0.0246745094958029,0.0189681454678281,0.0458149734918794,0.6514370460146583
121,TFT_RF_ARIMA,0.0006585255392962,0.0247036368072637,0.0189852883599889,0.0458499815830082,0.6493261667924178
122,TFT_SVR_KNN,0.0006819328023986,0.0251632501247248,0.0193122044670903,0.0466317316235975,0.633889852334278
123,TFT_SVR_ARIMA,0.0006834867429805,0.0252100833760353,0.0193408504302759,0.0466942513929015,0.6312182023633485
124,TFT_KNN_ARIMA,0.0006518839242163,0.0245935908444594,0.0189144809273278,0.0457147407807424,0.6514455355160882
125,RF_SVR_KNN,0.0006837804454772,0.0251664031965431,0.0192918779194481,0.0465340533627283,0.6355279214239354
126,RF_SVR_ARIMA,0.0006848625109263,0.0252066835956649,0.0193143394704738,0.0465768163312439,0.6330739093321549
127,RF_KNN_ARIMA,0.0006521202917939,0.0245690855748171,0.0189034271382254,0.0456302424462898,0.6537189112536742
128,SVR_KNN_ARIMA,0.0006767151516333,0.0250695316338004,0.0192471864723348,0.0464487629104852,0.6361053144094077
129,HYBRID_GRU_LSTM_TCN,0.000623458614815,0.0240190237830792,0.0186946896367716,0.0449974098355434,0.6648978188307934
130,HYBRID_GRU_LSTM_TFT,0.0006262067611585,0.0240744199797531,0.0186797051608525,0.0449895975488308,0.6636391194427423
131,HYBRID_GRU_LSTM_RF,0.0006286804287206,0.0241010591579259,0.0187018785801011,0.0449989873093444,0.6642377082740366
132,HYBRID_GRU_LSTM_SVR,0.0006460516583126,0.0244662946263369,0.0189713458808354,0.0456548572199173,0.6514370063612636
133,HYBRID_GRU_LSTM_KNN,0.0006224797558935,0.0239926833624978,0.0186519034651101,0.0449004414848411,0.6664889602131487
134,HYBRID_GRU_LSTM_ARIMA,0.0006232875630562,0.0240190011623398,0.0186733856502915,0.0449487374829891,0.6648965045877618
135,HYBRID_GRU_TCN_TFT,0.0006383016362788,0.0243202865302136,0.0188259219841844,0.0453577108457831,0.6571028424422093
136,HYBRID_GRU_TCN_RF,0.0006400138205898,0.0243328867511708,0.0188275543220178,0.0453207191944318,0.6581197903212878
137,HYBRID_GRU_TCN_SVR,0.0006576406112556,0.024701050844625,0.0190987513717987,0.0459780229602908,0.6450881674849099
138,HYBRID_GRU_TCN_KNN,0.0006340218868714,0.0242301015443966,0.0187762953855947,0.0452216567005266,0.6602507727586456
139,HYBRID_GRU_TCN_ARIMA,0.0006349131121909,0.024257760822621,0.0188011728714542,0.0452797930278817,0.6585809210420025
140,HYBRID_GRU_TFT_RF,0.0006435642950887,0.024401213921571,0.0188408234594213,0.0453768428222211,0.6566150007100737
141,HYBRID_GRU_TFT_SVR,0.0006615188222009,0.0247732522931171,0.0191119815387081,0.0460379725141951,0.643387659196239
142,HYBRID_GRU_TFT_KNN,0.0006374827787,0.0242967735150349,0.0187768859777477,0.0452491377572088,0.6587356388822645
143,HYBRID_GRU_TFT_ARIMA,0.0006382631794598,0.0243223596385217,0.0188005970802899,0.0453074059427782,0.6570964836346004
144,HYBRID_GRU_RF_SVR,0.0006640528803866,0.0248000677856559,0.019112438043138,0.0459945352061634,0.6440250759663574
145,HYBRID_GRU_RF_KNN,0.0006393759241786,0.0243119593705211,0.018784098583891,0.0452257816712499,0.6596079943348219
146,HYBRID_GRU_RF_ARIMA,0.0006398908951761,0.0243338069535347,0.0188079141838973,0.0452797163822285,0.658091260394179
147,HYBRID_GRU_SVR_KNN,0.000657124382878,0.024680610278579,0.0190575887191924,0.0458905414812268,0.6466587345874384
148,HYBRID_GRU_SVR_ARIMA,0.0006581109079716,0.0247124372985302,0.0190791882857709,0.0459423902914517,0.6448265671006582
149,HYBRID_GRU_KNN_ARIMA,0.000634073966386,0.0242335120292666,0.0187562462308792,0.0451794794591099,0.6601969551649574
150,HYBRID_LSTM_TCN_TFT,0.0006318739573205,0.0241957150949427,0.0187289778010559,0.0451287928673049,0.6601047127388143
151,HYBRID_LSTM_TCN_RF,0.0006330067542954,0.0241945629698953,0.0187296703422862,0.045093063917099,0.6616396836399664
152,HYBRID_LSTM_TCN_SVR,0.0006501884400813,0.0245555377335731,0.0189947979717087,0.0457294654703163,0.648828980855989
153,HYBRID_LSTM_TCN_KNN,0.0006275380221443,0.0241017254989075,0.018680505377968,0.0449944869335239,0.6634242772053631
154,HYBRID_LSTM_TCN_ARIMA,0.0006285163717711,0.0241307217676219,0.0187013913642872,0.0450426810552229,0.6617347243965276
155,HYBRID_LSTM_TFT_RF,0.0006365091990928,0.024265708627175,0.0187384229314266,0.0451410712328587,0.6599931363432475
156,HYBRID_LSTM_TFT_SVR,0.0006540186213252,0.0246303335460355,0.0190006550271615,0.0457696359014442,0.6469867148818135
157,HYBRID_LSTM_TFT_KNN,0.0006309508842714,0.0241710781070367,0.0186839737173231,0.0450325210914967,0.6617673856434774
158,HYBRID_LSTM_TFT_ARIMA,0.0006318184093386,0.0241980366284103,0.0187024310436093,0.0450737333640566,0.6601085293036211
159,HYBRID_LSTM_RF_SVR,0.0006559732948811,0.0246438699100157,0.0189979179028918,0.0457243619824568,0.6481421552883809
160,HYBRID_LSTM_RF_KNN,0.0006322646451202,0.0241725050267748,0.0186887580902926,0.0450043123517282,0.6631577647324837
161,HYBRID_LSTM_RF_ARIMA,0.0006328667404251,0.0241956977011918,0.0187056345483316,0.0450411975320209,0.6616213296996484
162,HYBRID_LSTM_SVR_KNN,0.0006495679989398,0.0245339627393098,0.0189479716058581,0.0456269393963956,0.6504294250375011
163,HYBRID_LSTM_SVR_ARIMA,0.0006506416483407,0.0245672112018471,0.0189733706467836,0.0456863277656501,0.6485775564585283
164,HYBRID_LSTM_KNN_ARIMA,0.0006275730132023,0.0241053487773811,0.0186574874179583,0.0449442658587512,0.663380635598466
165,HYBRID_TCN_TFT_RF,0.0006493427900931,0.0245231687544598,0.0189108343875239,0.0455773485691129,0.6530507046279482
166,HYBRID_TCN_TFT_SVR,0.0006671077733992,0.0248904660609341,0.0191649240321615,0.0461841869097027,0.6398133622429093
167,HYBRID_TCN_TFT_KNN,0.0006439932143803,0.0244340476672427,0.0188562780460494,0.0454717703000475,0.654704684426424
168,HYBRID_TCN_TFT_ARIMA,0.0006449441576043,0.0244622457312981,0.0188776433797351,0.045521032375311,0.6529684319953111
169,HYBRID_TCN_RF_SVR,0.0006683009605796,0.0248903500210642,0.0191520013027219,0.0461165040143727,0.6413871624408903
170,HYBRID_TCN_RF_KNN,0.0006445454888536,0.0244217955325329,0.0188429279392266,0.0454001102156325,0.6565134233068437
171,HYBRID_TCN_RF_ARIMA,0.0006452310023153,0.0244463081208464,0.0188569971728928,0.0454312950946407,0.6548995921827521
172,HYBRID_TCN_SVR_KNN,0.0006621044037469,0.0247859011993896,0.0191006915685709,0.0460189321328907,0.6435541626882562
173,HYBRID_TCN_SVR_ARIMA,0.0006632614713047,0.0248203530669556,0.0191254057811522,0.0460761491144376,0.6416248980180269
174,HYBRID_TCN_KNN_ARIMA,0.0006401460142011,0.0243613617410543,0.0188163590703939,0.0453572299522077,0.6565386285798153
175,HYBRID_TFT_RF_SVR,0.0006729334887326,0.0249776181098085,0.0191742582444446,0.0461990458435541,0.6392987770035705
176,HYBRID_TFT_RF_KNN,0.00064876069789,0.02450386087617,0.0188704608916462,0.0454943128750049,0.6546104122818136
177,HYBRID_TFT_RF_ARIMA,0.000649335386792,0.0245263230185188,0.0188835470723285,0.0455232032387495,0.6530272776267011
178,HYBRID_TFT_SVR_KNN,0.0006666473492297,0.0248715220862649,0.0191259326327251,0.0461058934783339,0.6414554329857692
179,HYBRID_TFT_SVR_ARIMA,0.0006676935922278,0.0249039959120915,0.0191477253425129,0.046156024724998,0.6395568647845192
180,HYBRID_TFT_KNN_ARIMA,0.0006441608160075,0.0244396679824428,0.0188291753757081,0.045417783992332,0.6546559697585975
181,HYBRID_RF_SVR_KNN,0.0006680214819483,0.0248739441007725,0.0191119797517331,0.0460338915929974,0.6428846692535811
182,HYBRID_RF_SVR_ARIMA,0.0006688022951841,0.0249027193713074,0.0191333472609634,0.0460825467646949,0.6411085223593522
183,HYBRID_RF_KNN_ARIMA,0.0006446286062567,0.0244262669965987,0.018815419863578,0.0453429041355662,0.6564425660158694
184,HYBRID_SVR_KNN_ARIMA,0.0006627807432797,0.0248007090052615,0.019082821967556,0.0459860167143544,0.6432502349401389
185,GRU_LSTM_TCN_TFT,0.0006299257519319,0.024155908724668,0.0187330709249871,0.0451655580970468,0.6618740143476812
186,GRU_LSTM_TCN_RF,0.0006317251386031,0.0241708556062015,0.0187515704824497,0.0451607988537737,0.6626465720871954
187,GRU_LSTM_TCN_SVR,0.0006486510917007,0.0245259840192436,0.0190090874263221,0.0457765502702961,0.6501966844684101
188,GRU_LSTM_TCN_KNN,0.0006262472815953,0.0240772879629665,0.0187059240850849,0.0450749744461704,0.6645422216676404
189,GRU_LSTM_TCN_ARIMA,0.0006272509232637,0.0241069057293591,0.0187280768836311,0.0451235310109282,0.6628489421892615
190,GRU_LSTM_TFT_RF,0.0006345786031552,0.0242260414477648,0.0187396347717009,0.0451658345907698,0.6616330497776389
191,GRU_LSTM_TFT_SVR,0.0006518322926992,0.024585243076509,0.0190092545847248,0.0458061259982417,0.6489874434813969
192,GRU_LSTM_TFT_KNN,0.0006290111634771,0.0241306856720858,0.0186882841640714,0.0450678673345241,0.6635183550929172
193,GRU_LSTM_TFT_ARIMA,0.0006299039805859,0.0241582552934803,0.0187074801874657,0.0451102187058319,0.6618557720835175
194,GRU_LSTM_RF_SVR,0.0006544535556853,0.0246144689270522,0.0190154066967393,0.0457777419919169,0.6493804749984244
195,GRU_LSTM_RF_KNN,0.0006309915137561,0.0241482569390822,0.01870426751141,0.0450570975964814,0.6641463252923834
196,GRU_LSTM_RF_ARIMA,0.0006316189011026,0.0241720294029616,0.0187276322782555,0.0451041920160811,0.6626061635900048
197,GRU_LSTM_SVR_KNN,0.0006480391348873,0.0245038561384888,0.0189646259419514,0.0456791746330964,0.6517788007625928
198,GRU_LSTM_SVR_ARIMA,0.0006491380763298,0.0245376949577248,0.0189883721899655,0.0457339794370565,0.6499232055140767
199,GRU_LSTM_KNN_ARIMA,0.000626316049023,0.0240809707200792,0.0186813128404249,0.0450200931367498,0.6644765255038707
200,GRU_TCN_TFT_RF,0.0006471398283874,0.0244783516126618,0.0188991201602126,0.0455780893034728,0.6549713684392205
201,GRU_TCN_TFT_SVR,0.000664649079005,0.024840357997699,0.0191610849123548,0.0461965895724989,0.6420948412193735
202,GRU_TCN_TFT_KNN,0.0006417811278178,0.0243884839828712,0.0188464947040035,0.0454774123784546,0.6567364042527445
203,GRU_TCN_TFT_ARIMA,0.0006427573630834,0.0244173224062073,0.0188656735379317,0.0455209908888472,0.6549964251520883
204,GRU_TCN_RF_SVR,0.0006665088556156,0.0248556744492617,0.0191602381350092,0.0461544424879019,0.6429062325278146
205,GRU_TCN_RF_KNN,0.0006429999917213,0.0243921008981158,0.0188413089919054,0.0454160413055636,0.6577827342436242
206,GRU_TCN_RF_ARIMA,0.0006437107972246,0.0244172243837868,0.0188652069840869,0.0454685315859477,0.6561651764499893
207,GRU_TCN_SVR_KNN,0.0006603031739262,0.0247504997156997,0.0191095089722291,0.0460586430398233,0.6451842887902289
208,GRU_TCN_SVR_ARIMA,0.0006614855335256,0.0247855720633704,0.0191311960523772,0.0461070593078435,0.6432512974504562
209,GRU_TCN_KNN_ARIMA,0.0006386166842537,0.024331544467502,0.0188257619448429,0.0453999666098865,0.6579152688621009
210,GRU_TFT_RF_SVR,0.0006704924035233,0.0249276856517351,0.0191701517686382,0.0462059708430095,0.6414508720776574
211,GRU_TFT_RF_KNN,0.0006465662205124,0.0244584739103706,0.0188571005476275,0.0454906775063888,0.6565127482057568
212,GRU_TFT_RF_ARIMA,0.0006471662014559,0.0244815397434051,0.0188714975998732,0.0455207267800103,0.6549258868811009
213,GRU_TFT_SVR_KNN,0.0006641971391637,0.0248208527585352,0.0191193912811259,0.0461094662640225,0.6437185840749043
214,GRU_TFT_SVR_ARIMA,0.0006652686742034,0.0248539547899795,0.0191435625063961,0.0461642966278108,0.6418162892041109
215,GRU_TFT_KNN_ARIMA,0.0006419825058148,0.0243941657794995,0.0188197070046971,0.0454226457329254,0.6566656350280455
216,GRU_RF_SVR_KNN,0.0006662378613125,0.024838738176893,0.0191178424437806,0.046064868506372,0.6443854114531763
217,GRU_RF_SVR_ARIMA,0.0006670439665899,0.0248680990839877,0.0191429015761804,0.0461197806513831,0.6426055378894042
218,GRU_RF_KNN_ARIMA,0.0006431168854941,0.0243966454278627,0.0188191260633861,0.04536913562732,0.6576898223957773
219,GRU_SVR_KNN_ARIMA,0.0006610132898288,0.0247653844725041,0.0190916984697893,0.0460232468576875,0.644858306485239
220,LSTM_TCN_TFT_RF,0.0006409693309905,0.0243596147644969,0.0188129057666858,0.0453917720112794,0.6578202472653388
221,LSTM_TCN_TFT_SVR,0.0006580334767284,0.0247140718352741,0.0190710351874408,0.0459963465379785,0.6451646400978928
222,LSTM_TCN_TFT_KNN,0.0006361338319883,0.0242796930705966,0.0187667174604578,0.0453029209486884,0.6592388942069021
223,LSTM_TCN_TFT_ARIMA,0.0006371971915612,0.0243098488230721,0.0187915704149249,0.0453573439126927,0.6574792140140532
224,LSTM_TCN_RF_SVR,0.0006593138687092,0.0247160971658171,0.0190641161595962,0.0459379610047138,0.6464940550427826
225,LSTM_TCN_RF_KNN,0.000636773311262,0.0242695825979024,0.0187612889329908,0.0452443698067607,0.6608032478342305
226,LSTM_TCN_RF_ARIMA,0.0006375712410726,0.02429600707425,0.0187846685349881,0.0452922220728459,0.659165988948403
227,LSTM_TCN_SVR_KNN,0.0006536313885871,0.0246206356519326,0.0190170394159365,0.0458488954033929,0.6484257224332359
228,LSTM_TCN_SVR_ARIMA,0.0006549008724937,0.0246570845758643,0.0190416991983748,0.0459023753216264,0.6464730300012708
229,LSTM_TCN_KNN_ARIMA,0.000633000329669,0.0242204120782128,0.0187479841595535,0.0452217061784971,0.6605696924885539
230,LSTM_TFT_RF_SVR,0.0006632493869154,0.0247907166824271,0.0190784773994085,0.0460070051030332,0.6448969369071208
231,LSTM_TFT_RF_KNN,0.0006402915103516,0.0243386508605663,0.0187740109976995,0.0453127081247828,0.6593915041108587
232,LSTM_TFT_RF_ARIMA,0.0006409786156025,0.0243630458769865,0.0187900423069365,0.0453456048630516,0.6577849416940101
233,LSTM_TFT_SVR_KNN,0.0006574773241231,0.0246934762097895,0.0190347893451285,0.0459264349804481,0.6468182600324072
234,LSTM_TFT_SVR_ARIMA,0.0006586359834701,0.0247279725234064,0.0190512840935803,0.0459593534453503,0.644896264069421
235,LSTM_TFT_KNN_ARIMA,0.0006363181215286,0.0242856150041885,0.018743948441718,0.0452571892225102,0.659178300968994
236,LSTM_RF_SVR_KNN,0.0006589386616421,0.0246980641742707,0.0190234559816647,0.045857088399192,0.6480031110471277
237,LSTM_RF_SVR_ARIMA,0.0006598318912268,0.0247288070397158,0.0190484149804326,0.0459073916213907,0.646203536391163
238,LSTM_RF_KNN_ARIMA,0.0006368731165782,0.024274334480979,0.018740979052378,0.0452036055071295,0.6607205119731746
239,LSTM_SVR_KNN_ARIMA,0.000654324416033,0.0246358065727347,0.0190015495775468,0.0458193004601966,0.6481099161150371
240,TCN_TFT_RF_SVR,0.0006768048859768,0.0250570508018456,0.0192511644235737,0.0464515488203421,0.6375981806739603
241,TCN_TFT_RF_KNN,0.0006538001874478,0.0246077839795777,0.0189518035493534,0.0457654516721261,0.652203399299549
242,TCN_TFT_RF_ARIMA,0.0006545707108556,0.0246334303077598,0.0189704834639145,0.0458070808294953,0.650519440791444
243,TCN_TFT_SVR_KNN,0.0006712415622931,0.0249651607851314,0.0192047921127694,0.0463642492608395,0.6393992342974925
244,TCN_TFT_SVR_ARIMA,0.0006724836397969,0.0250007900131683,0.0192240524468999,0.0464073916094318,0.63739984224325
245,TCN_TFT_KNN_ARIMA,0.0006501189558903,0.0245612733052447,0.0189236546591417,0.0457185879863018,0.6517925305646736
246,TCN_RF_SVR_KNN,0.0006719414134366,0.0249562074155129,0.019184948821028,0.0462785662107221,0.6410024451036267
247,TCN_RF_SVR_ARIMA,0.0006729180611781,0.0249881626705065,0.019203677524814,0.0463162636691988,0.6391254743564057
248,TCN_RF_KNN_ARIMA,0.0006499124645644,0.0245365200539989,0.0189082037018014,0.0456372958430561,0.6537531013602679
249,TCN_SVR_KNN_ARIMA,0.0006676193250929,0.0249004082300673,0.0191547694315685,0.0462233821568977,0.6409115845785253
250,TFT_RF_SVR_KNN,0.0006765896958817,0.0250415546782924,0.0192161122825262,0.0463824820080111,0.6391488632396536
251,TFT_RF_SVR_ARIMA,0.0006774555190636,0.0250715476481902,0.0192297114264404,0.0464110398469499,0.6373025889614116
252,TFT_RF_KNN_ARIMA,0.0006540326033332,0.0246144541332782,0.0189295140457773,0.045722854175746,0.6521155903775636
253,TFT_SVR_KNN_ARIMA,0.0006720672003082,0.0249820976344804,0.0191828943562957,0.0463236035452961,0.6390783549183644
254,RF_SVR_KNN_ARIMA,0.0006726825672275,0.0249719922281498,0.019166621516286,0.0462445007500024,0.6406594231013507
255,HYBRID_GRU_LSTM_TCN_TFT,0.0006292673505799,0.0241387184125973,0.0187146257652953,0.0450825581876037,0.6619660230668707
256,HYBRID_GRU_LSTM_TCN_RF,0.0006306332433566,0.0241485997522657,0.0187263689611402,0.045077103517624,0.6627854790527579
257,HYBRID_GRU_LSTM_TCN_SVR,0.0006442290714916,0.0244351079614375,0.018942970744211,0.0455996934673417,0.6527153539522038
258,HYBRID_GRU_LSTM_TCN_KNN,0.0006262066709982,0.02407282855903,0.0186902760681217,0.0450070371081121,0.6642780850081351
259,HYBRID_GRU_LSTM_TCN_ARIMA,0.0006269591785753,0.0240956760734377,0.0187089681940373,0.0450499999881837,0.6629410964827072
260,HYBRID_GRU_LSTM_TFT_RF,0.0006330035600971,0.0241953080762735,0.0187220615832257,0.0450902941859546,0.6617932613162735
261,HYBRID_GRU_LSTM_TFT_SVR,0.0006468091395578,0.0244843631676676,0.0189399169956909,0.0456143506175205,0.6515978762621472
262,HYBRID_GRU_LSTM_TFT_KNN,0.0006285196548298,0.0241183967246514,0.0186791881632452,0.0450049432973733,0.663279246941944
263,HYBRID_GRU_LSTM_TFT_ARIMA,0.0006292012346886,0.0241399265098368,0.0186972128713337,0.0450471198920407,0.6619619041566627
264,HYBRID_GRU_LSTM_RF_SVR,0.0006487010413004,0.0245035193268965,0.018946100303836,0.0455951067245821,0.6521744227721678
265,HYBRID_GRU_LSTM_RF_KNN,0.0006300013724399,0.0241299458679269,0.0186921067354701,0.045001320138655,0.6640061542087253
266,HYBRID_GRU_LSTM_RF_ARIMA,0.0006305130772509,0.024149056249279,0.018709663880276,0.045039963947066,0.6627671610599375
267,HYBRID_GRU_LSTM_SVR_KNN,0.0006436750681164,0.0244167958960627,0.0189048563159042,0.0455152054748581,0.6539887414851279
268,HYBRID_GRU_LSTM_SVR_ARIMA,0.0006444885675489,0.0244423600082576,0.0189261746713811,0.0455655130224515,0.6525478708668121
269,HYBRID_GRU_LSTM_KNN_ARIMA,0.0006261985080467,0.0240748896873999,0.0186747200508611,0.0449736440369054,0.6642435829087043
270,HYBRID_GRU_TCN_TFT_RF,0.0006428183027174,0.0243937083541259,0.018841989134858,0.0453944386666721,0.6565207858353176
271,HYBRID_GRU_TCN_TFT_SVR,0.0006567874412653,0.0246845870689544,0.0190576576380321,0.045913461729855,0.646177611390084
272,HYBRID_GRU_TCN_TFT_KNN,0.0006384679904796,0.0243203367416934,0.0188014979110149,0.0453166250802618,0.6579297989798653
273,HYBRID_GRU_TCN_TFT_ARIMA,0.0006392029579588,0.0243426834308018,0.0188205150105999,0.0453623981491402,0.6565629226961797
274,HYBRID_GRU_TCN_RF_SVR,0.0006581919917276,0.0246948401885797,0.0190565022362163,0.0458773304115042,0.6470219081666092
275,HYBRID_GRU_TCN_RF_KNN,0.0006394623568094,0.0243229605245709,0.0187986692346335,0.0452765662505187,0.6589244565131511
276,HYBRID_GRU_TCN_RF_ARIMA,0.0006400274492408,0.0243429291946411,0.018815879103941,0.0453158408565229,0.6576359298659593
277,HYBRID_GRU_TCN_SVR_KNN,0.0006532996115731,0.0246116284470934,0.019012981830373,0.0457931879381522,0.6487592543984467
278,HYBRID_GRU_TCN_SVR_ARIMA,0.0006541664986259,0.0246379910427868,0.0190346127092418,0.0458453244228203,0.6472688502817268
279,HYBRID_GRU_TCN_KNN_ARIMA,0.0006358464730661,0.0242722463520044,0.0187810445597295,0.0452499954654692,0.6590353792336031
280,HYBRID_GRU_TFT_RF_SVR,0.0006612855618157,0.0247522786937562,0.0190656495831905,0.0459201861828431,0.6457469140201403
281,HYBRID_GRU_TFT_RF_KNN,0.0006422888426628,0.0243768294405473,0.0188061959326526,0.0453170649755596,0.6577681019905478
282,HYBRID_GRU_TFT_RF_ARIMA,0.000642783007376,0.0243954745838866,0.0188215483456987,0.045352807960335,0.6564992210835027
283,HYBRID_GRU_TFT_SVR_KNN,0.0006563358487523,0.0246679943866364,0.0190243999356041,0.0458433308911808,0.6474776399222709
284,HYBRID_GRU_TFT_SVR_ARIMA,0.0006571318080869,0.0246930779288803,0.0190426284327732,0.0458871187745012,0.6460068815456976
285,HYBRID_GRU_TFT_KNN_ARIMA,0.0006385446982923,0.0243236977138744,0.0187819411002876,0.045277201133306,0.6578920501214397
286,HYBRID_GRU_RF_SVR_KNN,0.000657856204359,0.0246798902350995,0.0190231426841631,0.0458055945094545,0.6482294157834878
287,HYBRID_GRU_RF_SVR_ARIMA,0.0006584822886458,0.0247025839588403,0.0190402171508449,0.0458451038706734,0.6468370070434081
288,HYBRID_GRU_RF_KNN_ARIMA,0.0006394849947187,0.0243255885603301,0.0187834227793847,0.045244921921354,0.6588725363759108
289,HYBRID_GRU_SVR_KNN_ARIMA,0.0006537019116454,0.0246209504117007,0.018999962486409,0.0457713057225249,0.6485581691686347
290,HYBRID_LSTM_TCN_TFT_RF,0.000637539157774,0.0242921514207283,0.0187707878958473,0.0452332585847855,0.6589932136151178
291,HYBRID_LSTM_TCN_TFT_SVR,0.0006512234291988,0.0245781971347361,0.0189781429150255,0.0457269779244108,0.6487914280034207
292,HYBRID_LSTM_TCN_TFT_KNN,0.0006335236945393,0.0242251222648344,0.0187326203151815,0.0451598355104386,0.6601805378816105
293,HYBRID_LSTM_TCN_TFT_ARIMA,0.0006343144215752,0.0242483342359601,0.018750547117247,0.0452004303736706,0.6588010528989218
294,HYBRID_LSTM_TCN_RF_SVR,0.0006522571734981,0.0245798721370224,0.0189690496960419,0.0456737829401398,0.6499672599072731
295,HYBRID_LSTM_TCN_RF_KNN,0.000634147254706,0.0242189380702757,0.0187299848012393,0.0451211888637259,0.6615067305422236
296,HYBRID_LSTM_TCN_RF_ARIMA,0.000634768106694,0.0242397600468011,0.0187442757996814,0.0451519575138474,0.6602055951960285
297,HYBRID_LSTM_TCN_SVR_KNN,0.0006476996423466,0.0245028813967465,0.0189355579760486,0.045612701002309,0.6514829172610557
298,HYBRID_LSTM_TCN_SVR_ARIMA,0.0006486222889561,0.0245301354988021,0.0189597135822216,0.0456693247398454,0.6499799044453325
299,HYBRID_LSTM_TCN_KNN_ARIMA,0.0006309219795224,0.0241754904358339,0.0187101890052946,0.0450864043483801,0.6613833556856176
300,HYBRID_LSTM_TFT_RF_SVR,0.0006553200045772,0.0246390131072576,0.0189785508457126,0.0457182340411905,0.6486015408420814
301,HYBRID_LSTM_TFT_RF_KNN,0.0006369430015505,0.0242745590855486,0.0187394045981604,0.0451694680706031,0.6602596511008975
302,HYBRID_LSTM_TFT_RF_ARIMA,0.0006374929258203,0.0242940735644956,0.0187499596890817,0.0451912843626082,0.658978161494849
303,HYBRID_LSTM_TFT_SVR_KNN,0.0006507051405168,0.0245608871464738,0.0189400613547087,0.0456449496574036,0.650110577866157
304,HYBRID_LSTM_TFT_SVR_ARIMA,0.0006515568594081,0.0245868735899131,0.018959569649629,0.045688959535604,0.6486272107905804
305,HYBRID_LSTM_TFT_KNN_ARIMA,0.0006335894657397,0.0242286385811849,0.0187130027389028,0.0451199724402161,0.6601493016547311
306,HYBRID_LSTM_RF_SVR_KNN,0.0006518546899605,0.0245642032261826,0.0189355256313281,0.0456015716250158,0.6511938888547012
307,HYBRID_LSTM_RF_SVR_ARIMA,0.000652536533804,0.0245877900577189,0.018952998301782,0.0456404916385802,0.6497888714156183
308,HYBRID_LSTM_RF_KNN_ARIMA,0.000634158956003,0.0242217040162276,0.0187118011056588,0.0450830210303723,0.6614613230365295
309,HYBRID_LSTM_SVR_KNN_ARIMA,0.0006480910058067,0.0245123783925072,0.0189206863020323,0.0455829065587534,0.6512883446627901
310,HYBRID_TCN_TFT_RF_SVR,0.0006657710824483,0.024846555124185,0.0191133074822589,0.0460624132588969,0.6429213374284904
311,HYBRID_TCN_TFT_RF_KNN,0.0006473641133639,0.0244838801782728,0.018876306944106,0.0455184197973105,0.654650264597291
312,HYBRID_TCN_TFT_RF_ARIMA,0.0006479674252541,0.0245042023878376,0.0188887373233941,0.045546557543523,0.6533192414928384
313,HYBRID_TCN_TFT_SVR_KNN,0.0006612898114174,0.024771897491091,0.0190759836122959,0.045992308383366,0.6443534019714434
314,HYBRID_TCN_TFT_SVR_ARIMA,0.000662194917929,0.0247986315789137,0.0190946066432218,0.0460350787029585,0.6428205013974627
315,HYBRID_TCN_TFT_KNN_ARIMA,0.000644197558203,0.024442200674724,0.0188527802751673,0.0454784775339673,0.6544134091715977
316,HYBRID_TCN_RF_SVR_KNN,0.0006619520095808,0.024766490747169,0.0190613746846401,0.0459274441878853,0.6457044632264922
317,HYBRID_TCN_RF_SVR_ARIMA,0.0006626872410446,0.0247908653784603,0.0190782282560004,0.0459650436151241,0.6442499122890052
318,HYBRID_TCN_RF_KNN_ARIMA,0.000644279697186,0.0244265750801713,0.0188363099339353,0.0454060753596789,0.655993180819901
319,HYBRID_TCN_SVR_KNN_ARIMA,0.0006583753060768,0.0247188681410856,0.0190431020286995,0.045900654161101,0.6456724130550543
320,HYBRID_TFT_RF_SVR_KNN,0.0006654710097729,0.0248325623797162,0.0190831092579159,0.0460021958863837,0.6441746073751812
321,HYBRID_TFT_RF_SVR_ARIMA,0.0006661353135184,0.0248556635555499,0.0190944626814467,0.0460257357794917,0.6427397021778408
322,HYBRID_TFT_RF_KNN_ARIMA,0.0006474606854252,0.0244879050928653,0.0188560605372179,0.0454789912508017,0.6546016103326021
323,HYBRID_TFT_SVR_KNN_ARIMA,0.0006617660456417,0.024782572932199,0.0190599797225162,0.045962439953391,0.6441555826141828
324,HYBRID_RF_SVR_KNN_ARIMA,0.0006623741739017,0.024776427587101,0.0190478185631441,0.0459030745326813,0.6454924725904171
325,GRU_LSTM_TCN_TFT_RF,0.0006360594486791,0.0242618956303675,0.0187748654083452,0.0452629748107111,0.6602908480698746
326,GRU_LSTM_TCN_TFT_SVR,0.0006495800511833,0.0245444370657717,0.0189849937299871,0.0457595790774311,0.6503199841639007
327,GRU_LSTM_TCN_TFT_KNN,0.0006320381455361,0.024194426555094,0.0187323566686093,0.0451804018760978,0.6615492481859985
328,GRU_LSTM_TCN_TFT_ARIMA,0.0006328450594786,0.0242180378925946,0.0187513522769937,0.0452234496660501,0.660167378134802
329,GRU_LSTM_TCN_RF_SVR,0.0006510404127179,0.0245561764444382,0.018986324104274,0.0457278956998635,0.6510078743784476
330,GRU_LSTM_TCN_RF_KNN,0.0006330883229382,0.0241985280082114,0.0187403794253468,0.0451594548849441,0.6623874991573061
331,GRU_LSTM_TCN_RF_ARIMA,0.0006337253618328,0.0242197337220273,0.0187610866152431,0.0452033542569035,0.6610839787426032
332,GRU_LSTM_TCN_SVR_KNN,0.0006464770416582,0.0244787508347137,0.0189473043201163,0.0456548761854755,0.6525946075818609
333,GRU_LSTM_TCN_SVR_ARIMA,0.0006474158751743,0.0245063932836907,0.0189695354019541,0.0457053236649175,0.6510892096976302
334,GRU_LSTM_TCN_KNN_ARIMA,0.0006298733947529,0.0241550266852785,0.018726456019824,0.0451410538801874,0.6623328150818232
335,GRU_LSTM_TFT_RF_SVR,0.0006536878964401,0.0246053281433757,0.0189854062069101,0.0457494125045293,0.6500472913050397
336,GRU_LSTM_TFT_RF_KNN,0.0006354687224256,0.0242439407974405,0.0187410094168832,0.0451918493944447,0.6615455557077637
337,GRU_LSTM_TFT_RF_ARIMA,0.0006360348336021,0.0242638353799977,0.0187539669271088,0.0452171478346841,0.6602616810332075
338,GRU_LSTM_TFT_SVR_KNN,0.0006490671924714,0.0245267651337537,0.0189481296766261,0.0456805765154046,0.6516274041787463
339,GRU_LSTM_TFT_SVR_ARIMA,0.0006499350982693,0.0245531427908182,0.0189665995322652,0.0457213161368695,0.6501416520346621
340,GRU_LSTM_TFT_KNN_ARIMA,0.0006321255336132,0.0241979720465842,0.0187122916173472,0.0451381947523238,0.6615038970427207
341,GRU_LSTM_RF_SVR_KNN,0.0006506433591504,0.0245401636788758,0.0189506587013897,0.0456506095076652,0.652222773477985
342,GRU_LSTM_RF_SVR_ARIMA,0.0006513413899005,0.0245641204421241,0.0189722475627102,0.0456972209852357,0.6508153709703941
343,GRU_LSTM_RF_KNN_ARIMA,0.0006331216411118,0.0242013300753433,0.0187222603883314,0.0451200901951298,0.6623279767352135
344,GRU_LSTM_SVR_KNN_ARIMA,0.0006468900219949,0.0244882829937111,0.0189322191610737,0.0456237556424286,0.652385920067197
345,GRU_TCN_TFT_RF_SVR,0.0006639646602195,0.0248096114228677,0.0191101131409844,0.0460722075340148,0.6445467681326525
346,GRU_TCN_TFT_RF_KNN,0.0006457155201474,0.0244499247441829,0.0188674373179908,0.0455200607466214,0.656115849445361
347,GRU_TCN_TFT_RF_ARIMA,0.0006463350189442,0.0244706424334652,0.0188801334970149,0.0455482633025484,0.6547824412724007
348,GRU_TCN_TFT_SVR_KNN,0.0006594775492803,0.0247345090713348,0.0190700439498915,0.0459957071239645,0.6460499085252364
349,GRU_TCN_TFT_SVR_ARIMA,0.0006603988426986,0.0247616491138879,0.0190930146099674,0.0460482507584209,0.644514622882748
350,GRU_TCN_TFT_KNN_ARIMA,0.0006425593119848,0.024408203013643,0.0188429095625758,0.0454777578105275,0.655947684800791
351,GRU_TCN_RF_SVR_KNN,0.000660566364679,0.0247390511016627,0.0190683521579713,0.0459592706069383,0.6469130280909797
352,GRU_TCN_RF_SVR_ARIMA,0.0006613177830495,0.0247638113455752,0.0190869293257062,0.0459998210373915,0.6454560920849849
353,GRU_TCN_RF_KNN_ARIMA,0.0006430680682031,0.0244027297495093,0.018839053581457,0.0454272924735047,0.6570395147597886
354,GRU_TCN_SVR_KNN_ARIMA,0.0006570000081734,0.0246913797716839,0.0190501452837333,0.0459325627197286,0.6469496687006648
355,GRU_TFT_RF_SVR_KNN,0.0006636700175141,0.0247952668408121,0.019082709342363,0.0460189460939727,0.6457883082314526
356,GRU_TFT_RF_SVR_ARIMA,0.0006643505081663,0.0248187575529079,0.0190925203659327,0.0460379641500222,0.6443510179656045
357,GRU_TFT_RF_KNN_ARIMA,0.0006458337090853,0.0244539859607266,0.0188471951165953,0.0454775666181298,0.6560530802642739
358,GRU_TFT_SVR_KNN_ARIMA,0.0006599754003813,0.0247452341748122,0.0190570418127945,0.0459733647874605,0.6458379742515777
359,GRU_RF_SVR_KNN_ARIMA,0.0006610101458766,0.0247490339072335,0.0190552039427719,0.0459331235849987,0.6466869225385062
360,LSTM_TCN_TFT_RF_SVR,0.0006585652460844,0.024706979346159,0.0190426753107466,0.0459277216641103,0.6470626705980781
361,LSTM_TCN_TFT_RF_KNN,0.0006409358221384,0.0243584235293638,0.0188033531333818,0.0453816674245891,0.6582686741991952
362,LSTM_TCN_TFT_RF_ARIMA,0.0006416110804919,0.0243799855052907,0.0188185589494458,0.0454139953650683,0.6569226573272317
363,LSTM_TCN_TFT_SVR_KNN,0.0006544129841483,0.0246381073377086,0.0190067229214864,0.045859780495239,0.6483441221126071
364,LSTM_TCN_TFT_SVR_ARIMA,0.0006553900371232,0.0246661251070414,0.0190225340701435,0.0458936745785633,0.6467962277711155
365,LSTM_TCN_TFT_KNN_ARIMA,0.0006381702225356,0.0243239495518455,0.0187884255627379,0.0453577729722485,0.657866211977567
366,LSTM_TCN_RF_SVR_KNN,0.0006551309933839,0.0246340774444965,0.0189997663016913,0.0458094045192953,0.6495387768056774
367,LSTM_TCN_RF_SVR_ARIMA,0.000655938171311,0.024659709742951,0.0190163731511021,0.0458424524188415,0.6480692321006795
368,LSTM_TCN_RF_KNN_ARIMA,0.0006383081725909,0.0243096816469611,0.0187803427361962,0.0453017881423635,0.6592895770638918
369,LSTM_TCN_SVR_KNN_ARIMA,0.000651955245438,0.0245935731092126,0.0189818039810095,0.0457783131947577,0.6493411198383044
370,LSTM_TFT_RF_SVR_KNN,0.0006582039072101,0.0246919388153346,0.019012521064295,0.0458682064616365,0.6483233320274276
371,LSTM_TFT_RF_SVR_ARIMA,0.000658940157419,0.0247163103204611,0.0190256331330472,0.0458939195934264,0.6468734330625762
372,LSTM_TFT_RF_KNN_ARIMA,0.0006410430744641,0.0243626377682496,0.0187868872985876,0.0453490580100185,0.6582124176496541
373,LSTM_TFT_SVR_KNN_ARIMA,0.000654899898637,0.0246490177854073,0.0189889493466014,0.0458255862804085,0.6481387004704944
374,LSTM_RF_SVR_KNN_ARIMA,0.0006555638379692,0.0246442344804085,0.018986358325552,0.0457837481581293,0.6493191838847502
375,TCN_TFT_RF_SVR_KNN,0.0006690870401825,0.0249068724642939,0.0191494816538018,0.0462206425911377,0.64248589783239
376,TCN_TFT_RF_SVR_ARIMA,0.0006698766780118,0.0249319973003277,0.0191634913173988,0.0462509349044778,0.6409864653691345
377,TCN_TFT_RF_KNN_ARIMA,0.0006519496289993,0.0245801063934281,0.0189302152246123,0.0457169475022955,0.6523962668661968
378,TCN_TFT_SVR_KNN_ARIMA,0.0006659700122593,0.0248680577168704,0.0191273931492028,0.0461829289020101,0.64217476029593
379,TCN_RF_SVR_KNN_ARIMA,0.0006661466003112,0.0248546545395724,0.0191117453397714,0.0461129203070704,0.6436229939766904
380,TFT_RF_SVR_KNN_ARIMA,0.0006696047555321,0.0249181722465487,0.019133209787605,0.0461904171514395,0.642263058152468
381,HYBRID_GRU_LSTM_TCN_TFT_RF,0.0006343537636549,0.0242275859410936,0.0187483253156888,0.0451640480892371,0.6607261939437191
382,HYBRID_GRU_LSTM_TCN_TFT_SVR,0.0006456619724444,0.0244648853027786,0.0189291524962278,0.0455973080338134,0.6523421238530901
383,HYBRID_GRU_LSTM_TCN_TFT_KNN,0.0006309217865603,0.0241697022161499,0.0187138687005772,0.0450972501956498,0.6617941039020635
384,HYBRID_GRU_LSTM_TCN_TFT_ARIMA,0.0006315586552073,0.0241888038313482,0.0187296130456387,0.045133772697281,0.6606585763253539
385,HYBRID_GRU_LSTM_TCN_RF_SVR,0.000646824927282,0.0244733117314067,0.0189302188680602,0.0455718331098786,0.6530455242375831
386,HYBRID_GRU_LSTM_TCN_RF_KNN,0.0006317998913059,0.0241727600257373,0.0187202533051688,0.045082917217931,0.6626019214787515
387,HYBRID_GRU_LSTM_TCN_RF_ARIMA,0.0006323187911697,0.0241901937731074,0.0187349512892085,0.0451157702270298,0.6615208033718288
388,HYBRID_GRU_LSTM_TCN_SVR_KNN,0.0006430165141341,0.0244085080068688,0.0188982747716043,0.0455109112662541,0.6543414432843232
389,HYBRID_GRU_LSTM_TCN_SVR_ARIMA,0.0006437449935961,0.024430419019128,0.0189164431356253,0.0455535606783003,0.6531201324902285
390,HYBRID_GRU_LSTM_TCN_KNN_ARIMA,0.0006290044085633,0.0241342246383725,0.018707320309874,0.045063140285246,0.6625820718184346
391,HYBRID_GRU_LSTM_TFT_RF_SVR,0.000649041304469,0.0245153271938717,0.0189277994875702,0.0455844611972646,0.6521398669238496
392,HYBRID_GRU_LSTM_TFT_RF_KNN,0.0006338307933299,0.0242122161973982,0.0187190922270752,0.0451000986536437,0.6617786527927024
393,HYBRID_GRU_LSTM_TFT_RF_ARIMA,0.0006343004378338,0.0242287351943324,0.0187291698849786,0.0451228822298733,0.6607111775608817
394,HYBRID_GRU_LSTM_TFT_SVR_KNN,0.000645193076801,0.024449735351805,0.0188957679814941,0.0455246126920322,0.6534311885194045
395,HYBRID_GRU_LSTM_TFT_SVR_ARIMA,0.0006458723009031,0.0244707580989588,0.0189147113206669,0.0455696311439411,0.6522235206004118
396,HYBRID_GRU_LSTM_TFT_KNN_ARIMA,0.0006309462407074,0.0241719654699315,0.0186986014659672,0.0450653056927958,0.6617678485563022
397,HYBRID_GRU_LSTM_RF_SVR_KNN,0.0006464364518778,0.0244593111770403,0.0188979020026091,0.045500886640009,0.6540703382682667
398,HYBRID_GRU_LSTM_RF_SVR_ARIMA,0.0006469977071967,0.0244786582382617,0.0189161420993836,0.0455427726217426,0.652917079819061
399,HYBRID_GRU_LSTM_RF_KNN_ARIMA,0.0006317867969088,0.0241745056483515,0.0187061620901678,0.0450526348663903,0.6625658249671466
400,HYBRID_GRU_LSTM_SVR_KNN_ARIMA,0.0006432670740169,0.024414958644999,0.0188851603591009,0.0454843524847003,0.6542017599028771
401,HYBRID_GRU_TCN_TFT_RF_SVR,0.000657410972699,0.0246828711164248,0.0190296077550027,0.045844581156008,0.6476193651205473
402,HYBRID_GRU_TCN_TFT_RF_KNN,0.0006421796517977,0.0243809427689594,0.0188204518023462,0.0453602827134731,0.6573073293991114
403,HYBRID_GRU_TCN_TFT_RF_ARIMA,0.0006426863710379,0.0243980346540746,0.0188327863303232,0.0453894652250714,0.6562054559045102
404,HYBRID_GRU_TCN_TFT_SVR_KNN,0.0006536555179681,0.0246197031500744,0.0189949064657566,0.0457782951077557,0.6488572336042114
405,HYBRID_GRU_TCN_TFT_SVR_ARIMA,0.0006543718168067,0.0246412639027831,0.0190135731639369,0.0458220760587224,0.6476151674224377
406,HYBRID_GRU_TCN_TFT_KNN_ARIMA,0.0006394249468486,0.0243436693437774,0.0188042359223328,0.045336675678247,0.6572086737880398
407,HYBRID_GRU_TCN_RF_SVR_KNN,0.0006545604546558,0.0246231213566911,0.0189951101109801,0.0457496565939182,0.6496823210381462
408,HYBRID_GRU_TCN_RF_SVR_ARIMA,0.0006551587847111,0.0246430299284018,0.0190093468961437,0.0457822732273754,0.6484946643261599
409,HYBRID_GRU_TCN_RF_KNN_ARIMA,0.000639927064661,0.0243400658711372,0.0187992951281434,0.0452945222802427,0.6581925878839568
410,HYBRID_GRU_TCN_SVR_KNN_ARIMA,0.0006515209244685,0.0245817223755333,0.0189774503652655,0.0457246037531458,0.6497258912980851
411,HYBRID_GRU_TFT_RF_SVR_KNN,0.000657093615949,0.0246700548986458,0.0190037217948676,0.0457901652517873,0.6486626798451635
412,HYBRID_GRU_TFT_RF_SVR_ARIMA,0.0006576426906445,0.0246890720393811,0.0190158026094007,0.0458180059720426,0.647488666008279
413,HYBRID_GRU_TFT_RF_KNN_ARIMA,0.0006422254954314,0.0243835773986644,0.0188042927934846,0.0453282458614701,0.6572689781937604
414,HYBRID_GRU_TFT_SVR_KNN_ARIMA,0.0006539650158818,0.0246270020760533,0.0189830309706965,0.0457569609671182,0.6487152955290189
415,HYBRID_GRU_RF_SVR_KNN_ARIMA,0.0006548324040254,0.0246299052963536,0.0189826601740979,0.0457259129164409,0.6495305417971102
416,HYBRID_LSTM_TCN_TFT_RF_SVR,0.0006527377499597,0.0245938467662704,0.0189648083481011,0.0456974295708376,0.6498173149792349
417,HYBRID_LSTM_TCN_TFT_RF_KNN,0.0006379367874793,0.0242996449369751,0.0187689075840989,0.0452488604489397,0.6592531419580827
418,HYBRID_LSTM_TCN_TFT_RF_ARIMA,0.000638482228634,0.0243173348244528,0.0187789136395745,0.0452702241611197,0.6581425124225069
419,HYBRID_LSTM_TCN_TFT_SVR_KNN,0.0006492148292588,0.0245350071526899,0.0189353675044756,0.0456431963859403,0.6509012328531384
420,HYBRID_LSTM_TCN_TFT_SVR_ARIMA,0.0006499698500117,0.0245571853908683,0.0189533727361692,0.0456843831438676,0.6496504106303903
421,HYBRID_LSTM_TCN_TFT_KNN_ARIMA,0.0006354533384745,0.024267400578629,0.0187525751450056,0.0452210530839306,0.6589917796962762
422,HYBRID_LSTM_TCN_RF_SVR_KNN,0.0006498622616665,0.024532436254612,0.0189274740017062,0.0455971893249305,0.6519565530143838
423,HYBRID_LSTM_TCN_RF_SVR_ARIMA,0.0006504993136362,0.0245529571918605,0.0189429081959013,0.0456323748560283,0.650760140261423
424,HYBRID_LSTM_TCN_RF_KNN_ARIMA,0.000635697952007,0.0242576733825173,0.0187453311242837,0.0451754809661954,0.6602059265195038
425,HYBRID_LSTM_TCN_SVR_KNN_ARIMA,0.0006470939874235,0.0244960157760618,0.0189194250082815,0.0455913474018817,0.6518374166235882
426,HYBRID_LSTM_TFT_RF_SVR_KNN,0.0006523740764258,0.0245805357224441,0.018938716077047,0.0456442637481888,0.6508739084056212
427,HYBRID_LSTM_TFT_RF_SVR_ARIMA,0.0006529618730356,0.0246001714702838,0.0189485940237085,0.045664649964006,0.6496911385277624
428,HYBRID_LSTM_TFT_RF_KNN_ARIMA,0.0006379750362434,0.0243023859782985,0.0187530598235496,0.0452181066810591,0.6592193134135275
429,HYBRID_LSTM_TFT_SVR_KNN_ARIMA,0.0006495167323028,0.0245424303547261,0.0189207866916693,0.0456142620969234,0.650763817438742
430,HYBRID_LSTM_RF_SVR_KNN_ARIMA,0.0006501266161665,0.0245393372528746,0.0189145905127775,0.0455719392079834,0.6518092964341439
431,HYBRID_TCN_TFT_RF_SVR_KNN,0.0006611648343732,0.0247555753973112,0.0190513512738958,0.0459338852190484,0.6461194406143673
432,HYBRID_TCN_TFT_RF_SVR_ARIMA,0.0006617897057193,0.0247757438425628,0.019061721483802,0.0459557989243456,0.6449022724737277
433,HYBRID_TCN_TFT_RF_KNN_ARIMA,0.0006467820591649,0.0244791913194015,0.0188683350752268,0.0455136350223131,0.6544796257692043
434,HYBRID_TCN_TFT_SVR_KNN_ARIMA,0.0006584373379237,0.0247203656165559,0.0190348922656656,0.0459071381663408,0.6459214982728164
435,HYBRID_TCN_RF_SVR_KNN_ARIMA,0.0006587087833983,0.0247112470956614,0.0190197448055615,0.0458456084003303,0.6471529149532912
436,HYBRID_TFT_RF_SVR_KNN_ARIMA,0.0006614881269039,0.0247632967242457,0.0190364677624652,0.0459057563616054,0.645969929340381
437,GRU_LSTM_TCN_TFT_RF_SVR,0.0006514348084098,0.0245670499728507,0.0189701773885637,0.0457243314685772,0.6509935929790297
438,GRU_LSTM_TCN_TFT_RF_KNN,0.0006367434494101,0.0242750035074111,0.0187698494430752,0.0452673964722177,0.6603184158911471
439,GRU_LSTM_TCN_TFT_RF_ARIMA,0.0006373001314721,0.0242929633373524,0.0187830516135895,0.0452951572950298,0.6592061300579966
440,GRU_LSTM_TCN_TFT_SVR_KNN,0.0006479078322169,0.0245079180803534,0.0189380206624586,0.0456634064929778,0.6521268690818439
441,GRU_LSTM_TCN_TFT_SVR_ARIMA,0.0006486740938772,0.0245303717728505,0.0189571404035449,0.0457067775575481,0.6508743905615211
442,GRU_LSTM_TCN_TFT_KNN_ARIMA,0.0006342671858208,0.0242427407137071,0.018750149226538,0.0452323684126955,0.6601047555606763
443,GRU_LSTM_TCN_RF_SVR_KNN,0.0006488515265937,0.0245123549787247,0.0189388147779817,0.0456356138881129,0.6528433408477382
444,GRU_LSTM_TCN_RF_SVR_ARIMA,0.0006494998194707,0.0245331397313788,0.0189587014946312,0.0456796921349209,0.6516452717972027
445,GRU_LSTM_TCN_RF_KNN_ARIMA,0.0006348080613223,0.0242401380646026,0.0187534891066925,0.0452056024402556,0.6609800539885528
446,GRU_LSTM_TCN_SVR_KNN_ARIMA,0.0006460904377661,0.024475909798176,0.0189269797345091,0.0456216476331657,0.6527719063882779
447,GRU_LSTM_TFT_RF_SVR_KNN,0.0006510749056883,0.0245534932626669,0.0189431555096799,0.0456693921217998,0.6520420406777144
448,GRU_LSTM_TFT_RF_SVR_ARIMA,0.0006516739432055,0.0245733945551554,0.0189531354714526,0.0456892053205478,0.6508576145022807
449,GRU_LSTM_TFT_RF_KNN_ARIMA,0.0006367967098941,0.0242777648421255,0.0187535187694181,0.0452330689211938,0.6602747853213153
450,GRU_LSTM_TFT_SVR_KNN_ARIMA,0.0006482247469808,0.0245153670461994,0.0189249663961496,0.0456373743270357,0.6519796516421706
451,GRU_LSTM_RF_SVR_KNN_ARIMA,0.0006491308928135,0.0245192807710924,0.0189278187195349,0.0456132712939033,0.6526862822422216
452,GRU_TCN_TFT_RF_SVR_KNN,0.0006597446121832,0.0247262434485696,0.0190483960827869,0.045942077863936,0.6474123508317409
453,GRU_TCN_TFT_RF_SVR_ARIMA,0.0006603807244367,0.0247466861669811,0.0190596443292865,0.0459660734434129,0.6461935263935263
454,GRU_TCN_TFT_RF_KNN_ARIMA,0.0006454826813631,0.024452243668405,0.0188611176601218,0.0455128185496718,0.6556598756222725
455,GRU_TCN_TFT_SVR_KNN_ARIMA,0.0006570243011492,0.0246910175785932,0.0190320312222555,0.0459158798299219,0.6472621104215256
456,GRU_TCN_RF_SVR_KNN_ARIMA,0.0006575920085928,0.0246888282030346,0.0190269005605908,0.0458732274637622,0.6481546787066491
457,GRU_TFT_RF_SVR_KNN_ARIMA,0.0006600829164338,0.0247339962970306,0.0190335599762614,0.0459136590470023,0.6472530375324778
458,LSTM_TCN_TFT_RF_SVR_KNN,0.0006554182275928,0.024644145185682,0.0189946128696865,0.045826970773201,0.6493883541446185
459,LSTM_TCN_TFT_RF_SVR_ARIMA,0.0006560930617608,0.0246651931040667,0.0190071354064985,0.0458529060438518,0.6481607736654297
460,LSTM_TCN_TFT_RF_KNN_ARIMA,0.000641625377108,0.0243785320089147,0.0188119039901579,0.0454069419269853,0.6573749855944593
461,LSTM_TCN_TFT_SVR_KNN_ARIMA,0.0006529691725031,0.0246138910393031,0.0189768393115435,0.0457962407505029,0.6490754070836685
462,LSTM_TCN_RF_SVR_KNN_ARIMA,0.0006532793756668,0.0246057173700402,0.0189733045524529,0.0457576285112168,0.6501982080961026
463,LSTM_TFT_RF_SVR_KNN_ARIMA,0.0006557489369738,0.0246520219188412,0.0189815688794399,0.0458021907909151,0.6492335635061514
464,TCN_TFT_RF_SVR_KNN_ARIMA,0.0006648768079225,0.0248326633511262,0.0190956484928704,0.0460971738593511,0.6443355094094455
465,HYBRID_GRU_LSTM_TCN_TFT_RF_SVR,0.0006477216443937,0.02449412731566,0.0189213644203496,0.0455792605022281,0.6526896187273484
466,HYBRID_GRU_LSTM_TCN_TFT_RF_KNN,0.0006350484204216,0.0242412570937359,0.0187448513972883,0.0451709996545025,0.6607556045650386
467,HYBRID_GRU_LSTM_TCN_TFT_RF_ARIMA,0.0006355136240331,0.0242564416505806,0.0187544249875841,0.0451930610708442,0.6598091855553437
468,HYBRID_GRU_LSTM_TCN_TFT_SVR_KNN,0.0006446606292962,0.024442587460772,0.0188948498685828,0.0455303800521093,0.6536647757742587
469,HYBRID_GRU_LSTM_TCN_TFT_SVR_ARIMA,0.0006452798097554,0.0244610756194893,0.0189108471545587,0.0455673382564028,0.652615358055621
470,HYBRID_GRU_LSTM_TCN_TFT_KNN_ARIMA,0.0006328155701498,0.0242114410867902,0.0187288195437903,0.045145231463708,0.6606119462429717
471,HYBRID_GRU_LSTM_TCN_RF_SVR_KNN,0.0006454632891606,0.0244460286246601,0.0188950434027799,0.0455053132215529,0.6543569827548766
472,HYBRID_GRU_LSTM_TCN_RF_SVR_ARIMA,0.000645995798677,0.0244632924818464,0.0189107791529897,0.0455410168105135,0.653347539340572
473,HYBRID_GRU_LSTM_TCN_RF_KNN_ARIMA,0.0006333222814527,0.024209677198204,0.0187310233448945,0.0451236968338946,0.6614208421997395
474,HYBRID_GRU_LSTM_TCN_SVR_KNN_ARIMA,0.0006430211795301,0.0244131492621846,0.0188854183936972,0.0454947490109983,0.6543178169094704
475,HYBRID_GRU_LSTM_TFT_RF_SVR_KNN,0.0006473743939174,0.0244820537635191,0.018894924317246,0.0455216733920456,0.6535929849471203
476,HYBRID_GRU_LSTM_TFT_RF_SVR_ARIMA,0.0006478707158225,0.0244986626897229,0.0189078729587187,0.0455515689705427,0.6525935648696254
477,HYBRID_GRU_LSTM_TFT_RF_KNN_ARIMA,0.0006350609311316,0.0242431433054403,0.0187302898026739,0.0451396631058553,0.6607273981491323
478,HYBRID_GRU_LSTM_TFT_SVR_KNN_ARIMA,0.0006448668451915,0.0244479346708401,0.0188824826550453,0.0455062044457375,0.6535604647192855
479,HYBRID_GRU_LSTM_RF_SVR_KNN_ARIMA,0.0006456419183704,0.024450992376512,0.018883849738323,0.0454816897052687,0.6542454414556101
480,HYBRID_GRU_TCN_TFT_RF_SVR_KNN,0.0006546498713789,0.0246278629053573,0.0189827261465235,0.0457472151692993,0.6496767845376455
481,HYBRID_GRU_TCN_TFT_RF_SVR_ARIMA,0.0006551734318658,0.0246448736399996,0.0189948122083281,0.0457755296802851,0.6486520922670874
482,HYBRID_GRU_TCN_TFT_RF_KNN_ARIMA,0.0006423483583699,0.024390227870921,0.0188209758409135,0.0453747425839877,0.6568220566231169
483,HYBRID_GRU_TCN_TFT_SVR_KNN_ARIMA,0.0006522377209437,0.0245958967055779,0.0189688909551285,0.0457281666329181,0.6495797204427053
484,HYBRID_GRU_TCN_RF_SVR_KNN_ARIMA,0.0006527641455102,0.0245944600000087,0.0189667630970461,0.0456973242652378,0.6504013044578588
485,HYBRID_GRU_TFT_RF_SVR_KNN_ARIMA,0.000654871801999,0.0246334472979265,0.0189724635482532,0.0457285568519208,0.649563586728688
486,HYBRID_LSTM_TCN_TFT_RF_SVR_KNN,0.0006507927181036,0.0245545065964214,0.0189336741653826,0.0456401862142508,0.6514597386711295
487,HYBRID_LSTM_TCN_TFT_RF_SVR_ARIMA,0.0006513447273439,0.0245719670745598,0.0189441773329416,0.045662678612527,0.6504286133908757
488,HYBRID_LSTM_TCN_TFT_RF_KNN_ARIMA,0.000638835835545,0.0243230326252046,0.0187781923569556,0.0452836453448638,0.6584133340165015
489,HYBRID_LSTM_TCN_TFT_SVR_KNN_ARIMA,0.0006485798577499,0.0245261959612377,0.0189217416922261,0.0456224632936206,0.6512431349960573
490,HYBRID_LSTM_TCN_RF_SVR_KNN_ARIMA,0.0006489170954985,0.0245203407791591,0.0189122618024965,0.0455767463501887,0.6522338695863777
491,HYBRID_LSTM_TFT_RF_SVR_KNN_ARIMA,0.0006510090688195,0.0245601794769,0.0189214801837241,0.0456173068921934,0.6513498636333687
492,HYBRID_TCN_TFT_RF_SVR_KNN_ARIMA,0.0006586211569001,0.024711858473747,0.0190175570629267,0.0458650012458101,0.6472364976519275
493,GRU_LSTM_TCN_TFT_RF_SVR_KNN,0.0006497136703705,0.0245321438228558,0.018935563954367,0.0456576148234932,0.6524445347571298
494,GRU_LSTM_TCN_TFT_RF_SVR_ARIMA,0.0006502739382367,0.0245498024388758,0.0189471219348709,0.0456821273156394,0.6514121926051883
495,GRU_LSTM_TCN_TFT_RF_KNN_ARIMA,0.0006378455714441,0.0243024648911818,0.0187786842289766,0.0452971370709239,0.6593153592226039
496,GRU_LSTM_TCN_TFT_SVR_KNN_ARIMA,0.0006475060890976,0.0245038258058993,0.0189224538499485,0.0456359860746845,0.6522629773989573
497,GRU_LSTM_TCN_RF_SVR_KNN_ARIMA,0.000648060988701,0.0245031211566373,0.0189233064812502,0.045611514428792,0.6530047621477953
498,GRU_LSTM_TFT_RF_SVR_KNN_ARIMA,0.0006499410501052,0.0245378351493241,0.0189233802540367,0.0456338549470726,0.6523274582314108
499,GRU_TCN_TFT_RF_SVR_KNN_ARIMA,0.0006574642024247,0.0246878239882688,0.0190135952544195,0.0458691072336213,0.6483057658424203
500,LSTM_TCN_TFT_RF_SVR_KNN_ARIMA,0.0006538903177673,0.0246200174222548,0.01897201920816,0.0457795193552062,0.6499192241978586
501,HYBRID_GRU_LSTM_TCN_TFT_RF_SVR_KNN,0.0006465943198123,0.0244710990098772,0.0188944541463797,0.0455288751884724,0.6537889694511395
502,HYBRID_GRU_LSTM_TCN_TFT_RF_SVR_ARIMA,0.0006470663127525,0.0244861435184097,0.0189066844489317,0.0455571689199541,0.6528996412179088
503,HYBRID_GRU_LSTM_TCN_TFT_RF_KNN_ARIMA,0.0006361117967606,0.0242674378035071,0.0187541715275741,0.0452044617565059,0.6598808106782833
504,HYBRID_GRU_LSTM_TCN_TFT_SVR_KNN_ARIMA,0.0006445875126799,0.024444749565132,0.0188851574213944,0.0455190377723124,0.6536601601318462
505,HYBRID_GRU_LSTM_TCN_RF_SVR_KNN_ARIMA,0.0006450960660604,0.0244443390406573,0.0188859177004834,0.045496864640884,0.6543550446813952
506,HYBRID_GRU_LSTM_TFT_RF_SVR_KNN_ARIMA,0.0006467480269118,0.0244753608776478,0.0188831473815856,0.0455059669847193,0.6537022793944881
507,HYBRID_GRU_TCN_TFT_RF_SVR_KNN_ARIMA,0.0006532015179344,0.0246046773582325,0.0189601584590174,0.0457053471605696,0.6502290307590236
508,HYBRID_LSTM_TCN_TFT_RF_SVR_KNN_ARIMA,0.0006499457208493,0.0245427834039363,0.0189207982700389,0.0456209603355121,0.6517179072073608
509,GRU_LSTM_TCN_TFT_RF_SVR_KNN_ARIMA,0.0006490326566404,0.0245237703936365,0.0189212108798537,0.0456325658289235,0.6525632881717783
510,HYBRID_GRU_LSTM_TCN_TFT_RF_SVR_KNN_ARIMA,0.0006462502495659,0.0244687824174561,0.0188854373415429,0.0455186161516535,0.6537916038847448
