,avgcpu,std,labels
0,0.11977591,1.0781682,1.1132186412312146
1,0.12546375,1.078094,0.785954632442286
2,0.121223174,1.0324275,0.7494701996197308
3,0.107215606,0.98663425,0.7010174685052192
4,0.18453369,0.93689,0.755678492136346
5,0.2536281,0.8951174,0.46755433149303505
6,0.2883574,0.87531173,0.5287758381178671
7,0.29002294,0.8686378,0.7253209293900083
8,0.30091444,0.86641854,0.9088884760678622
9,0.33384576,0.85737044,1.0008697454319126
10,0.32954285,0.8487964,0.9194083938744548
11,0.31587783,0.8376274,0.7572914988764969
12,0.2958676,0.831274,0.6781181391243983
13,0.28871104,0.8287649,0.5359807947919705
14,0.30123058,0.8314719,0.5534674737102965
15,0.3167189,0.83530825,0.47452742429351324
16,0.338963,0.8420631,0.6548884039253074
17,0.3422242,0.84977645,0.5368718268929528
18,0.3538699,0.85470897,0.5763848948854011
19,0.34981522,0.8574408,0.5112150523003718
20,0.34600684,0.86385274,0.6500634702939914
21,0.35095397,0.86452645,0.714874177773049
22,0.3561416,0.86341155,0.6653498164374815
23,0.36378416,0.8567328,0.6153226261551
24,0.3534861,0.8549669,0.7050750298413235
25,0.34910586,0.8535103,0.6952438615626386
26,0.3592023,0.8488339,0.7793307063465753
27,0.35126868,0.8462852,0.9227856036215508
28,0.3415394,0.84322333,0.9187417429621177
29,0.32722923,0.8390188,0.9756447713202695
30,0.30650768,0.8324162,0.8810357444875695
31,0.29025003,0.8271802,0.889479557702568
32,0.27851263,0.8229499,0.8271500463475973
33,0.27373347,0.8209881,0.6429677012367297
34,0.27629396,0.82149297,0.7803108060646573
35,0.282101,0.82255685,0.8194310977755805
36,0.29414228,0.8262686,0.5847769121213605
37,0.29939494,0.82848823,0.628963308860437
38,0.3057045,0.83017457,0.7946956231410635
39,0.31839713,0.83398473,0.7630938090353018
40,0.32705107,0.83724296,0.7635426094396219
41,0.3211626,0.8358057,0.6174670371112594
42,0.3220338,0.8362602,0.5211809031835719
43,0.3293995,0.8381663,0.5789787613827345
44,0.33633962,0.84351444,0.7139610852351653
45,0.34859547,0.848054,0.57390074590011
46,0.36021903,0.848158,0.7058721399912571
47,0.34474763,0.8510601,0.7542843278639676
48,0.34746316,0.85032713,0.8458745954989689
49,0.35040358,0.845649,0.8010537273201966
50,0.33721927,0.84176034,0.77951694848265
51,0.32537505,0.83794445,0.9074071509904049
52,0.31649062,0.8346736,0.8512574827941134
53,0.30875877,0.83226293,0.4978348405593573
54,0.30382112,0.8309456,0.5309455789539299
55,0.31065622,0.83209544,0.6409683461452186
56,0.33294567,0.83857757,0.6435802389365438
57,0.34997484,0.84430283,0.4552561442690395
58,0.3559719,0.8469897,0.5986933200192383
59,0.3377706,0.85702085,0.8258441302422355
60,0.34474072,0.8595618,1.1362484035816895
61,0.34974322,0.85528183,0.8132656182339877
62,0.3338556,0.842805,0.660406004075085
63,0.31059912,0.8351142,0.686009131609033
64,0.30909273,0.83350337,0.6505619900253173
65,0.32282802,0.8367168,0.7299862595833958
66,0.32614526,0.8374916,0.6914907047244527
67,0.32888797,0.83855736,0.6366077803174095
68,0.33039,0.83915156,0.6206432380766236
69,0.33524182,0.840512,0.588752422978539
70,0.34391585,0.84305,0.498109608158349
71,0.35159978,0.84698683,0.5909656438997056
72,0.3461649,0.8540363,0.7800685030110123
73,0.35004476,0.85700905,0.6242507147883994
74,0.36744246,0.85145086,0.7065591283774568
75,0.34742817,0.85131377,0.602384080268979
76,0.34639534,0.8520604,0.6897028108984389
77,0.35205945,0.8483003,0.44608400660114883
78,0.3534635,0.8520048,0.5779668207024132
79,0.3445514,0.8561367,0.6707825218993259
80,0.3478265,0.85992736,0.7886435431991807
81,0.36385778,0.8555202,0.6710294482591279
82,0.36117914,0.85023826,0.5281774990433652
83,0.35385707,0.8485927,0.5117763897023384
84,0.3433313,0.85408175,0.2633537822510903
85,0.35032442,0.8644327,0.019140381636882635
86,0.34391418,0.88250756,0.0069288036530376984
87,0.34215078,0.8990685,0.2174896517177498
88,0.35470518,0.9073527,0.1605478914918711
89,0.37852255,0.927596,-0.028943655007891495
90,0.3831412,0.94552654,0.11121143410333849
91,0.36833695,0.9586998,0.4596508413995932
92,0.36931524,0.96738166,0.2989927056471426
93,0.37885657,0.96380216,0.32977574614110716
94,0.35547188,0.95806116,0.5695645865909371
95,0.34358886,0.9509624,0.5519210515503402
96,0.37423047,0.92959356,0.7384235953590461
97,0.357501,0.9150117,0.3811516906378857
98,0.36682716,0.90110034,0.034104451605212305
99,0.35439733,0.8996856,0.10970040154629485
100,0.34510735,0.9123469,0.3364246751152271
101,0.3683034,0.918086,0.18732617982973343
102,0.3887405,0.9228484,0.24775225542810525
103,0.36573163,0.9323148,0.18813922308585168
104,0.36656865,0.94062924,0.1563271730860822
105,0.37473193,0.94165015,0.11207053640244972
106,0.3767921,0.9484637,0.2593306295939356
107,0.3757082,0.9522921,0.31687753679943675
108,0.38380846,0.95156854,0.45173352952180856
109,0.37327906,0.9492108,-0.173056234610892
110,0.38587216,0.9495131,-1.1690976017407206
111,0.41464043,0.95327103,-1.957681484056232
112,0.4522331,0.95629853,-2.5014087087611396
113,0.4254042,0.96012396,-2.3480118312888725
114,0.35077187,0.9708316,-2.3065202094129647
115,0.24128363,0.98860776,-2.467885709605973
116,0.116891645,0.9986695,-2.7460896970055937
117,0.07475724,0.9794334,-2.547046421587869
118,0.10307177,0.95580053,-2.637365962496337
119,0.10762777,0.93207675,-3.012936301841633
120,0.101634644,0.9052903,-2.8894221905250044
121,0.13379636,0.8878236,-2.3549715595034826
122,0.15586385,0.88221216,-1.8737005504906517
123,0.08635434,0.8892418,-1.829065982662528
124,-0.0024456754,0.89861906,-2.4898741707266687
125,0.030342005,0.8900459,-1.817331852772181
126,0.090292,0.90595526,-1.0768087914630968
127,0.10190769,0.9101347,-1.6960127036620547
128,0.024345182,0.92370516,-1.9734598907953247
129,0.049039863,0.9468357,-1.4257477842007056
130,0.16261443,0.94728965,-0.9991547939120152
131,0.1269401,0.9586126,-0.4806845305941376
132,-0.020770766,1.0113745,-0.09512872511817033
133,-0.083664335,1.042804,-0.3842887967978173
134,-0.036780216,1.052883,-0.619671080171833
135,0.07504275,1.041387,-0.36518878637896485
136,0.18346873,1.0264127,-0.6999390086124939
137,0.23312268,1.009173,-0.2530555795781393
138,0.24637845,1.0083538,-0.20587756981496094
139,0.25224748,1.0197918,-0.6433219876262517
140,0.26489404,1.0236348,-0.8218303476368665
141,0.33689275,1.0190791,-0.5160025623658081
142,0.3663278,1.0100201,-0.3086570621538464
143,0.32240197,1.0223701,-0.37683985915197227
144,0.26675245,1.0389116,-0.28386351829825385
145,0.2570533,1.0509497,-0.028889575268746196
146,0.25581804,1.0531996,0.2036530049225894
147,0.24423352,1.0566373,0.23701543168018244
148,0.24185511,1.0496849,0.010509110816141799
149,0.27983555,1.0272924,-0.6530189811776708
150,0.33424428,1.0091739,-0.5150333753745281
151,0.3713663,0.9975231,-0.8941805189210124
152,0.3675349,0.99205923,-1.0345154499168323
153,0.34754285,0.990039,-0.578448511967842
154,0.34488437,1.0034279,-0.3357248373610944
155,0.26631913,1.0318714,-0.3812130056515157
156,0.18866774,1.052344,-0.39167383303607134
157,0.19173148,1.0654379,-0.36344464071069166
158,0.23966494,1.0512071,-0.35862072544100576
159,0.26724908,1.0348511,-0.2954174782311351
160,0.28079924,1.0281504,-0.44997492365706193
161,0.29856917,1.0184836,-0.264788090059516
162,0.31327692,1.0157259,-0.09872542055909478
163,0.30568334,1.0221231,-0.5759157696515553
164,0.30284837,1.0117605,-0.5975480972151868
165,0.33824626,1.0066626,-0.17310838501115572
166,0.35701463,1.0041226,-0.27259460683127257
167,0.31071553,1.0119057,-0.5755053740063635
168,0.297582,1.0129323,-0.6535988668045134
169,0.34747055,1.0065066,-0.644561170838283
170,0.35438427,0.9981329,-0.6592870718873112
171,0.339322,0.99652725,-0.6603177950524884
172,0.32083353,1.0029696,-0.3275859888518768
173,0.2882174,1.0223223,-1.0748813049572452
174,0.27011707,1.0164068,-0.8627097086713401
175,0.29000512,1.0130053,-0.7559800522302232
176,0.31817743,1.007554,-0.6724238705965355
177,0.26320514,1.0163826,-0.6551180844691702
178,0.2292076,1.0363367,-0.7004959202270353
179,0.2330943,1.0358454,-0.8700930245805671
180,0.2541503,1.0241432,-0.699027721046919
181,0.27453855,1.0175675,-0.5890787991375103
182,0.2662998,1.0221999,-0.6076257742536351
183,0.2373353,1.0305814,-0.459208901107365
184,0.22713915,1.0369914,-0.17762624605242994
185,0.20986685,1.0417669,-0.2107529152317369
186,0.20285347,1.0459807,-0.7198661004210156
187,0.24624935,1.0333331,0.03575379013099777
188,0.26786086,1.0340511,-0.46821187029504024
189,0.26880035,1.0256845,-0.28456516205282784
190,0.25583127,1.0192331,-0.0604418659233742
191,0.29116777,1.0238882,0.09388240476604941
192,0.27633092,1.0219749,0.10850431331951126
193,0.26366445,1.0293127,0.3324153891711785
194,0.25419506,1.0245057,0.44017228733351704
195,0.27100626,1.0087932,0.2822416483211253
196,0.3038219,0.98187274,-0.03291961077774836
197,0.31825772,0.9712511,-0.24303328517747566
198,0.33899263,0.968747,-0.1568948277227574
199,0.3555195,0.9680283,0.3005668889298838
200,0.3550268,0.97804624,-0.12222729186338493
201,0.35055432,0.9895398,-0.15079373295695017
202,0.3545291,0.99254197,0.0038946095299584307
203,0.3829061,0.99396515,0.280589166584976
204,0.38019058,0.9922095,0.2026506102219609
205,0.36825034,0.99552435,0.3081664578579262
206,0.34076318,0.9916191,0.2794489443016572
207,0.35122207,0.97829604,0.11553580159251223
208,0.36880615,0.9641024,0.4658568721651506
209,0.3453935,0.9603401,-0.041795583760960646
210,0.3764839,0.9554284,0.2133661809652113
211,0.34582826,0.9552072,-0.0825973829792221
212,0.36609903,0.9598935,-0.18216846754069196
213,0.3718383,0.9600191,0.1917467094226919
214,0.365429,0.9733846,-0.0717058118773457
215,0.3804337,0.97926337,-0.1662235203776262
216,0.3768545,0.9824041,0.10423146007598691
217,0.38291404,0.9904035,0.0013117699028551972
218,0.39204744,0.9906399,0.21736615970736814
219,0.360226,0.995872,0.37504555014442825
220,0.3433819,0.99937826,0.1408560553397907
221,0.36555067,0.98186004,-0.11433426851267686
222,0.3683519,0.978277,0.08993496319373177
223,0.3625193,0.9776552,-0.12568278601916852
224,0.37954774,0.9767691,-0.20344859616290797
225,0.38243434,0.97882414,-0.559726596122769
226,0.40480387,0.9816653,-0.3207201119005015
227,0.39676556,0.985151,0.6156831628030457
228,0.33691868,1.0180523,0.612153941785499
229,0.3040752,1.027871,0.4920638096638576
230,0.23900619,1.0172254,1.0915974347345796
231,0.18674818,1.0001843,1.282461545768389
232,0.25276706,0.9507195,1.0815972184137022
233,0.2929491,0.8940277,0.7291921525806397
234,0.28169438,0.8593441,0.6451641954678435
235,0.28586516,0.84130734,0.7580438715607675
236,0.3027337,0.8332758,0.17799933034370802
237,0.31768104,0.8381191,0.20734547906386594
238,0.29722795,0.85339147,0.5653155830511225
239,0.30534002,0.87220395,0.7837820769330653
240,0.3512725,0.87551713,0.840037623731513
241,0.3225933,0.88192326,0.6070732342016346
242,0.3185167,0.8710478,0.7742083295159625
243,0.30378696,0.8652234,0.7639323673149512
244,0.32316115,0.8550355,0.7853002374859045
245,0.33564785,0.8440944,0.631793006829213
246,0.3288819,0.8415541,0.9552534815215127
247,0.32292536,0.8385407,1.102174060818746
248,0.31784812,0.83693004,1.0484984787061349
249,0.29509714,0.8303149,1.0791044194526165
250,0.26658258,0.8209645,0.9750812304174774
251,0.25084832,0.8155028,1.3939052344754006
252,0.23965952,0.81076616,1.1932961270082838
253,0.22574022,0.8068707,1.1823882911291126
254,0.19823131,0.79803383,0.6033896522961543
255,0.188665,0.7948904,-0.04364262462533286
256,0.21148321,0.80090886,0.8615668797946979
257,0.25261638,0.8116227,0.5816237917402318
258,0.31099913,0.8304035,0.3381504446308275
259,0.31404576,0.83378935,0.05561902276418938
260,0.28037676,0.865929,0.7645064853538178
261,0.28651705,0.8810395,1.0684870252596361
262,0.30642077,0.8918047,1.084767625201695
263,0.29283974,0.88590586,1.2877330995265073
264,0.24095592,0.87252796,1.0922749389270465
265,0.2839305,0.8383606,0.9923787414278785
266,0.261748,0.82093537,0.902873905845408
267,0.24193391,0.81412536,0.856722239469104
268,0.24302563,0.81281364,0.6355106631354266
269,0.2512994,0.81455445,0.878674838163331
270,0.2610915,0.8164359,1.0368580832035008
271,0.27415708,0.82057863,1.1857330108754098
272,0.2716098,0.8204736,1.170175821935955
273,0.24843445,0.81385505,1.1665237272054305
274,0.22874287,0.80762094,1.118656907485515
275,0.21258512,0.80209094,1.027487165102994
276,0.2030007,0.7985001,1.0136001726030524
277,0.19905576,0.7964973,1.1142809669647176
278,0.20156035,0.7966197,0.9924998852671972
279,0.20252302,0.7970355,1.1621906357223453
280,0.20063546,0.79609615,1.2867181117255888
281,0.2005094,0.796083,1.248998613914583
282,0.19287947,0.79420674,1.0703368052164617
283,0.17460415,0.7887003,1.078220865295377
284,0.17060223,0.7867406,1.171305956478255
285,0.17736039,0.7881032,1.2632847244116392
286,0.18174419,0.7894441,1.572422072594915
287,0.17950019,0.7888498,1.7914912866601143
288,0.1682513,0.78604734,1.6832353381837561
289,0.13718876,0.7772375,1.4668862201562427
290,0.09483888,0.7653827,1.5394243960217657
291,0.06312939,0.76232016,1.527486975875304
292,0.049151085,0.7651667,1.6284455762154473
293,0.037833534,0.765269,1.7687307839824569
294,0.035504125,0.7617804,1.6721489272380885
295,0.020518802,0.7593353,1.574484281535796
296,0.002492629,0.75370234,1.7065746031886213
297,-0.0033423677,0.7521986,1.6445480602626905
298,-0.008173145,0.75429666,1.545827012442359
299,-0.016522922,0.7519115,1.6321184146180925
300,-0.013843812,0.74894613,1.489778368549941
301,-0.009431459,0.7505453,1.3390838669119711
302,-0.00940118,0.7489716,1.43657112981202
303,0.0074384436,0.7485494,1.1788981051234768
304,0.032656454,0.75254315,1.1051909515617593
305,0.0501047,0.75318795,0.9457702844691156
306,0.085546635,0.75597084,1.0316345786132104
307,0.11821469,0.76533836,1.1357267716767245
308,0.14600566,0.77407366,1.3840824051800218
309,0.16765329,0.7815406,1.284205330051112
310,0.16420808,0.78186274,1.3924323162029644
311,0.1551567,0.7794744,1.415619934126532
312,0.14552227,0.7767416,1.52171411946284
313,0.14158049,0.77558565,1.579787391638847
314,0.12705985,0.7712178,1.5853996713769574
315,0.11204632,0.76718795,1.445997359326778
316,0.08562281,0.7628663,1.346917192293352
317,0.06714412,0.7603995,1.1476859807320594
318,0.068662666,0.760019,1.2734290288696808
319,0.08040311,0.7626333,1.0320463722378301
320,0.109783314,0.7652335,1.2075222570525874
321,0.123888336,0.76845145,1.104770740882062
322,0.13682118,0.7728613,1.1818056944277644
323,0.14858678,0.77667,0.9797914342467987
324,0.1531317,0.77860326,1.1396372768803729
325,0.1652818,0.78200626,1.2783975936183227
326,0.17537162,0.78529286,1.3709389202983386
327,0.18080989,0.78772736,1.4234534410533513
328,0.16661128,0.783866,1.39676485438006
329,0.15150341,0.7795785,1.3274840819550404
330,0.13706562,0.7751329,1.385723530490918
331,0.12945959,0.77232003,1.210994424835684
332,0.12515733,0.77100986,1.1395958930366372
333,0.12148603,0.76949316,0.9358946959582688
334,0.1297572,0.77165943,0.7700124473985479
335,0.14988986,0.7772489,0.7440773404679839
336,0.17881206,0.78556114,0.5966462789847486
337,0.21768835,0.7975569,0.3872070805587348
338,0.25446263,0.80932534,0.40731200741257645
339,0.2805324,0.8116212,0.6724416077718249
340,0.29493085,0.8280408,0.447163148864391
341,0.335138,0.8538518,0.5475983253898372
342,0.32140318,0.8660828,0.6320024595054806
343,0.32132015,0.8735503,0.635952452330157
344,0.34832546,0.8696978,0.42286423810685475
345,0.34938255,0.8704975,0.7241090600309167
346,0.33026376,0.8749485,0.5857626444625772
347,0.3539733,0.87246907,0.6996092223937822
348,0.3544617,0.86556405,0.628298741109143
349,0.34714904,0.8650273,0.2426073254174269
350,0.3563976,0.86478853,0.09577628965897965
351,0.3389102,0.8806303,0.25979768333790093
352,0.34778693,0.8973272,0.13124742941129705
353,0.3691971,0.909235,-0.10955450407216265
354,0.36736986,0.92207223,-0.07293261041851155
355,0.36808404,0.93554187,-0.2047782307838566
356,0.37330344,0.9439842,-0.2825532918256274
357,0.3741075,0.95479816,0.040075792922187554
358,0.36845103,0.96749085,0.07221951520118293
359,0.3488784,0.98780185,0.08741909925564309
360,0.33004454,1.0059156,0.18262884055727402
361,0.3278015,1.0129069,-0.02993015786144123
362,0.3552219,1.0017624,0.39275623717839186
363,0.3346707,0.99635893,0.30773547645205945
364,0.3585345,0.9882168,0.25596366001714055
365,0.3652312,0.9690351,0.3479952618091296
366,0.35092106,0.9643519,0.7787092890449753
367,0.35194102,0.94863373,0.8736335750128681
368,0.35139552,0.93381935,0.7487872706532334
369,0.3441355,0.9066823,0.6283856683060414
370,0.3306161,0.8871215,0.4209503917863465
371,0.3358086,0.8756446,0.6522833881376369
372,0.3297889,0.8702618,0.6877384296848223
373,0.35392353,0.8650964,0.5667257107601373
374,0.36709723,0.8558784,0.7731006004566725
375,0.33884165,0.85797334,0.6815521509173227
376,0.35657325,0.85155094,0.7113712352913311
377,0.34726784,0.84670484,0.8428298222755367
378,0.3387302,0.8435949,0.7750553622795538
379,0.33198586,0.84143376,0.8176920505941326
380,0.31894866,0.837003,0.9261464700106707
381,0.31013265,0.83377635,0.7712202480789614
382,0.30207953,0.8312857,0.8786315249896487
383,0.291689,0.82745785,0.8713045352580657
384,0.288861,0.8262702,1.0022060283858498
385,0.28340158,0.82433003,0.9859082679661354
386,0.27247557,0.8209887,0.9969103143065705
387,0.2602441,0.81708384,0.9569746880169003
388,0.2498987,0.81360656,1.0899915474277497
389,0.24381879,0.811162,1.1700965851837943
390,0.23680738,0.8088679,0.9029934264274777
391,0.22418419,0.805335,0.8056110362948192
392,0.21649525,0.80232835,0.7230179766345258
393,0.23108044,0.80605996,0.22344810974565466
394,0.26096025,0.81510085,-0.6109924405880263
395,0.288883,0.83511275,-1.1398454519362913
396,0.32033834,0.8428908,-1.3644487635902351
397,0.32820097,0.854552,-1.3149137868863008
398,0.30943128,0.8799708,-1.3748269058412903
399,0.26858678,0.9091016,-0.9422430649885994
400,0.19584641,0.94620955,-0.8941556426413583
401,0.12145259,0.973526,-0.7795870226064223
402,0.065465115,0.9960729,-0.31869428915625886
403,0.04175528,1.0220441,-0.271329219851622
404,0.04385843,1.0332191,0.16664219948660777
405,0.017311059,1.0485069,-0.1722539218486624
406,0.09550931,1.0591173,0.15488749222850628
407,0.136713,1.0459288,0.6895836821930668
408,0.16449979,1.0538415,0.006020761298245729
409,0.24444023,1.0150355,-0.0856668345617999
410,0.25588337,0.9996932,0.1466516774333123
411,0.28782097,0.9869191,0.28983286204252806
412,0.33455393,0.9696694,0.26497553918171896
413,0.3340855,0.96976,-0.04680321628057738
414,0.34561935,0.9673019,0.26390584767456216
415,0.32786003,0.97017425,-0.28154824805973
416,0.3526511,0.97115004,-0.08750326741493482
417,0.34296128,0.9748828,-0.23359585243461042
418,0.37556317,0.9800209,-0.2697522581458398
419,0.3646358,0.98220503,-0.2250455557844381
420,0.38105687,0.9892232,-0.5951183873098894
421,0.37580624,0.989951,-0.48943161360559806
422,0.38128194,0.9938354,-0.12707943886507522
423,0.36855045,1.005172,-0.4894800505697878
424,0.3207635,1.0115331,0.2321804621830323
425,0.25141034,1.038842,-0.47583364174089793
426,0.2669982,1.0352547,-0.7140681183260017
427,0.28014204,1.0182148,-0.43885359032484045
428,0.34434918,1.0135741,0.21353417772599145
429,0.30333766,1.0253737,0.97871274503916
430,0.20829025,1.0586921,0.7535874186660609
431,0.16585788,1.0495124,1.7883312692038067
432,0.07487013,1.0314176,1.594313714037446
433,0.1262072,0.9721646,1.498398671474004
434,0.23098841,0.8784876,1.5026471412078604
435,0.20675126,0.82969487,0.9923766137756422
436,0.21464232,0.8053344,0.6746947775660705
437,0.1776335,0.7939422,0.36758329577005094
438,0.18845132,0.79745734,-0.27666353606585115
439,0.24030432,0.8116868,-1.1984699881483039
440,0.28448346,0.84431875,-0.252030172365037
441,0.2811006,0.85710657,-0.3432293460919894
442,0.2417331,0.88649315,-1.027699894937988
443,0.21277621,0.9235784,-1.6628430835517418
444,0.30500016,0.96486765,-0.9270583717767698
445,0.33023658,0.98077935,-0.22280017680141048
446,0.2185624,0.99710906,-0.5413669319599619
447,0.08671298,1.0414591,-0.42219278331755294
448,0.046574377,1.0694933,-0.30236477516756927
449,0.13096812,1.0694522,-0.46330534882968993
450,0.17199376,1.0502822,-1.0699867604377449
451,0.23016855,1.0285181,-0.9852599965739717
452,0.28710452,1.0125973,-0.5726952184186724
453,0.30175087,1.0064834,-0.7521481911511572
454,0.236581,1.0223659,-0.9411936378746438
455,0.21567437,1.0303442,-0.893769082458699
456,0.26501313,1.0222676,-0.5166669798753956
457,0.26006708,1.0263057,-0.5479515227745937
458,0.21013132,1.0382152,-0.2480297728620983
459,0.1570994,1.0493877,-0.28213636582120977
460,0.17177,1.0582552,-0.329087712796323
461,0.19701329,1.0508997,-0.8491781750557933
462,0.26915243,1.0285915,-0.6610998227607306
463,0.3104976,1.0135229,0.188848068282994
464,0.28485194,1.0310006,0.049624007092478654
465,0.22494718,1.0475342,0.267382920640043
466,0.16689673,1.0595536,-0.01956756293804752
467,0.22295818,1.0441285,0.007391310742995271
468,0.25630006,1.0166074,-0.6616786665526371
469,0.30913725,1.0004638,-0.4985646934043476
470,0.33021298,0.9924101,-0.6841145769377168
471,0.34356704,0.9922817,-1.0816223161689584
472,0.32267377,0.9893936,-0.8175510181593854
473,0.33835182,0.9964816,0.19939203003517258
474,0.25522968,1.0384073,-0.032080696764363474
475,0.16812518,1.0705725,0.5034685893655869
476,0.07628777,1.0947305,0.35958594457404897
477,0.12586895,1.0777988,0.7581795321606545
478,0.16755304,1.028404,0.6591848438624163
479,0.20460215,0.9911762,0.07503651999777036
480,0.27223942,0.9490021,-0.1203153671139022
481,0.28009805,0.9450344,-0.07648233561601353
482,0.30930862,0.9441828,-0.08927083469572637
483,0.33703265,0.95050913,0.08716676522014905
484,0.34007463,0.9667735,-0.018795564667007505
485,0.34742567,0.97940296,-0.1482052708138975
486,0.36424163,0.98322797,-0.607517550382182
487,0.39169738,0.9839513,-0.5392278137593451
488,0.39909217,0.98444307,-0.21950325332008327
489,0.3901712,0.9906034,0.21660612248029162
490,0.31505057,1.0233816,0.2432036586884142
491,0.25804713,1.0458679,0.14421537137385362
492,0.25506285,1.0373789,-0.0008933043483676955
493,0.29118833,1.0205612,-0.27326684765225834
494,0.3261744,1.0048915,-0.7411021721876847
495,0.35237864,0.99421835,-0.20591797812758028
496,0.3571253,0.9951228,-0.7536259547396649
497,0.33993742,0.99555796,-0.6244225279781845
498,0.32035974,0.9994874,-0.9233125374085057
499,0.35378215,0.9993389,-0.662818933934361
500,0.33145425,0.9988936,0.08661502716418885
501,0.25219777,1.0432924,-0.21136548753882856
502,0.18682632,1.0586641,-0.6343330475184646
503,0.20647398,1.0482239,-0.27833541905742126
504,0.26840547,1.0380019,-0.7091240721857691
505,0.28138408,1.0160956,-0.9237976754199285
506,0.28749785,1.0027813,-0.36853621153003735
507,0.30957726,1.0084592,0.15843920161333128
508,0.23352382,1.0390128,0.0017959345438913132
509,0.17487082,1.0566849,-0.5150483053423476
510,0.22256985,1.0441728,-0.25846131005463396
511,0.28177544,1.0308434,0.24710436300050653
512,0.30145732,1.0191514,0.4469257368323589
513,0.28890446,1.0206809,0.1140771476956697
514,0.27924898,1.0122538,-0.059737656550300305
515,0.30410877,1.0022302,-0.3152170459310766
516,0.3387722,0.9920517,0.2594775393328825
517,0.3361797,0.9894346,-0.32494632308953353
518,0.3453296,0.98803866,-0.8838477749957071
519,0.3572468,0.9838392,-0.22996710590553002
520,0.37628487,0.9970287,-0.16012089064965968
521,0.33239546,1.0077474,-0.21033816721015525
522,0.27274624,1.0217972,0.174155160799533
523,0.24169227,1.0519363,0.17247627694662446
524,0.25621876,1.0436509,0.5936744497535194
525,0.22885391,1.03434,1.2782791965233151
526,0.18476376,1.0270872,1.628675131677013
527,0.18318668,0.9936014,1.5289630071525602
528,0.17861792,0.9375314,1.2818509666486624
529,0.21549913,0.86875015,1.2541400979903907
530,0.25083616,0.81831217,1.6500807978722702
531,0.2119883,0.80496633,1.345602227773012
532,0.17247877,0.7993633,1.0324884444516635
533,0.12418165,0.78626955,0.9657674827393973
534,0.12491002,0.7782984,1.2208022575736577
535,0.13920149,0.78517044,1.1381609416821132
536,0.15962878,0.78856504,1.0758764997496335
537,0.16004637,0.7853829,0.916513433438524
538,0.1615459,0.7855337,0.9892193334028807
539,0.17655042,0.789183,1.282403555556607
540,0.19173965,0.79331964,0.8990777633439323
541,0.1956062,0.79555553,1.0761704042457705
542,0.1890451,0.792929,1.1524940715120913
543,0.19415948,0.79437965,1.2449745025835683
544,0.20252743,0.7970853,1.7326321666517766
545,0.1966196,0.7950123,1.3447326820884473
546,0.17313853,0.78933275,1.8761063054671991
547,0.14875236,0.7805626,0.7581374519745847
548,0.1239002,0.77418786,0.9626157134267576
549,0.10871544,0.76726204,0.9367243383503284
550,0.1332151,0.77424926,0.7215110139794252
551,0.16891876,0.78433365,0.7005746749757046
552,0.18518099,0.78950876,0.8937937998612402
553,0.21822438,0.79973423,0.6218618287064983
554,0.2470071,0.8096405,0.4514679610706468
555,0.26479128,0.8154721,0.29825328704697085
556,0.27927855,0.8344716,0.5013858504321427
557,0.29521212,0.8442577,0.65860107228982
558,0.32476828,0.8656783,0.9605640499164735
559,0.32261625,0.87270176,1.1517240749909798
560,0.2979339,0.87263024,1.2706034206243755
561,0.29650143,0.8538539,1.4337522426053415
562,0.2910914,0.8297355,1.5983485174961247
563,0.25313976,0.81710356,1.4940570876319013
564,0.20896772,0.80276906,1.5645856950929353
565,0.16907272,0.7892433,1.5425035472990063
566,0.13977805,0.7795118,1.328677050051985
567,0.09790101,0.7765015,1.2862859184750761
568,0.077749394,0.7704271,1.0061579910585103
569,0.08631887,0.77015305,1.0221032382943795
570,0.10112121,0.771645,0.8007250858758181
571,0.14133546,0.77566594,0.8946805944435291
572,0.1675866,0.78311056,0.996021919020787
573,0.19167224,0.790734,1.3768639711249568
574,0.2136741,0.7981417,1.3026818959630273
575,0.20460895,0.7971196,1.1851867196024506
576,0.18441185,0.79150504,1.6491491236272184
577,0.17275783,0.7870287,1.504496971316702
578,0.16770801,0.7862311,1.4477944060146848
579,0.13793686,0.77699214,1.4902377483581997
580,0.11292871,0.768601,1.675048931973165
581,0.100846134,0.77117604,1.5997777468342549
582,0.07852193,0.7684498,1.5172736115850747
583,0.054788373,0.76270956,1.6606326701862193
584,0.04375329,0.75937134,1.5002756660243817
585,0.03295424,0.7603952,1.3100856973199966
586,0.019226693,0.7565405,1.615473917031104
587,0.030625723,0.7553271,1.6055702249228172
588,0.041762434,0.7612743,1.5935851393334335
589,0.035868548,0.75981224,1.6318801321804468
590,0.032246135,0.7528007,1.585266531270317
591,0.022632562,0.7544627,1.588984767757656
592,0.015008949,0.75351,1.4993340150834422
593,0.010188304,0.7518283,1.531446117061885
594,0.0104760155,0.7524064,1.5254134126788705
595,0.014837407,0.75241905,1.6990640551542469
596,0.02139362,0.754917,1.7833120897670636
597,0.02395662,0.75494736,1.7962020312507458
598,0.013705574,0.75375926,1.6773578714425823
599,-0.0048326626,0.7483752,1.631192532791584
600,-0.020254947,0.74670035,1.6912681124471134
601,-0.024376191,0.74762106,1.6045777051051349
602,-0.026048996,0.7488216,1.643421961443588
603,-0.024773218,0.7477459,1.6918230435260966
604,-0.019547857,0.7471635,1.6591254595746894
605,-0.019190349,0.7484466,1.686312676917244
606,-0.01920686,0.7467113,1.582801286431101
607,-0.021539547,0.7454385,1.503788364924179
608,-0.022905327,0.7451201,1.4557786018221708
609,-0.015668906,0.74477047,1.2579070776486085
610,0.00011190027,0.74655473,1.37813894794166
611,0.02073022,0.7487064,1.0493379429273153
612,0.054934584,0.7509626,1.1129864392490085
613,0.07828619,0.75425154,1.1853747000944639
614,0.10244038,0.7604461,1.1592459906202248
615,0.1282908,0.7688839,0.970735287404349
616,0.13421771,0.7714276,1.069776198255213
617,0.14975145,0.7759963,1.2681787981433401
618,0.16995826,0.7823204,1.374077945965378
619,0.18057176,0.7865636,1.3477063538188805
620,0.16789547,0.78354937,1.3323501416253611
621,0.15327582,0.7794104,1.3784875631261668
622,0.14538553,0.7768624,1.2170432367988433
623,0.13836738,0.7748403,1.2433746252317863
624,0.13314328,0.7727988,1.0823268069615168
625,0.1360766,0.773593,1.1202408880615518
626,0.14359042,0.77546185,1.0278649682647765
627,0.15380344,0.7786011,1.0545434715631001
628,0.16566262,0.78219444,0.9534828175841724
629,0.17586675,0.7855994,0.6324652427305496
630,0.19216439,0.7909168,0.5038810481360051
631,0.2180135,0.7983358,0.05847198424652173
632,0.26787725,0.80954045,0.23784460265942825
633,0.26394603,0.8113776,0.6080305767298622
634,0.28585365,0.8354081,0.3089907022617904
635,0.3330159,0.86899775,0.1292125499216554
636,0.3142415,0.889231,0.3590759372115753
637,0.3051696,0.9044079,0.11622265706739963
638,0.3374208,0.9119181,0.21190842409018698
639,0.33521506,0.92149216,0.14866189472461577
640,0.34532067,0.9373511,0.6188728543101701
641,0.3496243,0.9464612,0.48075369097892756
642,0.35152122,0.9462037,0.6079365476532997
643,0.33481088,0.9328216,0.3221307921284442
644,0.3359721,0.92563707,0.2685812150283997
645,0.34039995,0.91695726,0.7430945221932469
646,0.32669565,0.91605484,0.4310747420311872
647,0.37125382,0.90366536,-0.12176460047801808
648,0.35971048,0.9021585,0.004173455245215089
649,0.34467843,0.9218992,0.2656790083104382
650,0.36677608,0.9317057,-0.054056950170333955
651,0.3884276,0.9377123,-0.2676053936877769
652,0.39388254,0.9535066,-0.14395449711448124
653,0.40638044,0.9662612,-0.2770432390038837
654,0.38974866,0.9728862,0.11825454081166559
655,0.3541821,0.98831296,-0.0926376937541904
656,0.34473297,1.0051658,-0.03554008914272511
657,0.3368881,1.004171,-0.062108654535268655
658,0.36498788,1.0024447,-0.05016210095556931
659,0.36970088,0.99885917,0.1305951850269515
660,0.3603681,1.0042917,-0.2686707334524301
661,0.3722066,0.9971425,-0.07899808026784444
662,0.3706617,1.0000514,0.2910297779337237
663,0.36617145,1.0027506,-0.07259253878074566
664,0.37276354,0.99812865,0.035859554170137614
665,0.35678712,0.9981103,0.08870691724522568
666,0.3700703,0.9936567,-0.3453791706702785
667,0.38177243,0.9855875,-0.0597169027621075
668,0.37666962,0.99275225,-0.07992213620239064
669,0.37882403,0.99260944,0.16218013488852526
670,0.35921916,0.9971608,0.39941578772630737
671,0.32289818,1.0124795,0.946695124558894
672,0.2782695,1.0098362,0.22706254189892475
673,0.30456105,0.98119587,0.7090103557797117
674,0.2537165,0.96092534,0.8062708180607067
675,0.28626934,0.9370768,0.47965245122511385
676,0.35320696,0.8967086,0.515084785189782
677,0.30983958,0.893874,0.03041537197894231
678,0.32682016,0.8984372,-1.1077431056974187
679,0.3459333,0.90784544,-2.2594584461102882
680,0.401246,0.92313594,-2.4609929977055907
681,0.391704,0.9377323,-1.0826624744651463
682,0.3438693,0.9547534,0.19064161497327436
683,0.05228635,1.0257902,-0.515741906507781
684,-0.1170995,1.1065161,-0.4530191321904998
685,-0.1173505,1.1342509,-0.03892791131177274
686,0.04185941,1.1245494,0.013853729267326045
687,0.12094607,1.0805738,0.6659721899575615
688,0.0853444,1.0822817,0.052258647743317746
689,0.15192309,1.0535653,-0.36183720312911133
690,0.22078678,1.0183697,-0.14964835668653326
691,0.28376636,1.0058527,0.7153747793707104
692,0.30169293,0.9951942,1.235430007956505
693,0.26672396,1.0031027,0.8811956963020717
694,0.22356829,0.9805089,0.4344014242066427
695,0.21911117,0.94104314,0.6306178453199904
696,0.23475942,0.9171018,0.5232259591110955
697,0.28896806,0.8965178,-0.8935207456730129
698,0.30431828,0.9011856,-1.2542241110865155
699,0.3644679,0.91993886,-1.8909193060902834
700,0.38003066,0.9351681,-2.1198387074021676
701,0.33282146,0.94864684,-2.3339624351600445
702,0.27284274,0.97069496,-1.1929202900887153
703,0.18508628,1.0000514,-0.24258012176281227
704,-0.032664992,1.0494549,1.0732159597967865
705,-0.2671381,1.1317813,1.6921640086500056
706,-0.3569775,1.2110796,1.657748961907188
707,-0.29690984,1.1616992,1.3095030011092803
708,-0.1843094,1.0476624,0.4922945873540464
709,-0.022689618,0.95362186,-0.5346253869691192
710,0.064131044,0.9204632,-0.6324964475038636
711,0.1298007,0.91006243,-0.6317880053888582
712,0.18769857,0.91162235,-0.5227942690963375
713,0.18684402,0.93531364,-1.2069855831181988
714,0.20506546,0.9508249,-1.3809478673110374
715,0.2488189,0.9708045,-1.8218852426044896
716,0.268194,0.9834706,-1.8096750756983178
717,0.25449845,0.9852277,-1.7887492178213018
718,0.21866855,0.99908674,-0.8676907811627644
719,0.12020495,1.0247996,-0.9975013763681801
720,0.0031371936,1.0405952,-1.0724711508527323
721,-0.05031965,1.0485245,-1.278107297827048
722,0.048171543,1.0527909,-1.3856615329949498
723,0.13738623,1.0338525,-1.6733896398600603
724,0.17842272,1.0221498,-1.0757477683692767
725,0.18724349,1.0213577,-0.8605157601836132
726,0.13206837,1.0238912,-0.7715697655813283
727,0.047319196,1.0337846,-0.8836069857612411
728,0.06904449,1.0454681,-0.3993524613137071
729,0.09257939,1.0446007,-0.9461317761762105
730,0.1253871,1.0369668,-1.6712544519446957
731,0.19025823,1.0285275,-0.7605398496355164
732,0.25823894,1.0284679,-0.5898061898095256
733,0.20754525,1.02241,-0.3360383141670111
734,0.09251889,1.0504289,-0.45324336677138577
735,0.08843913,1.0760686,-0.6091925817090941
736,0.16112551,1.0643936,-1.1240929468920648
737,0.23920211,1.0372992,-1.6189913703373022
738,0.27787855,1.014818,-1.3723337838877272
739,0.30163023,1.0039371,-1.1967834024577766
740,0.26894614,1.0111955,-1.4504554952660063
741,0.19054613,1.0282944,-1.3421665521794683
742,0.16473708,1.0390404,-1.215184174748789
743,0.16843227,1.0357724,-1.3267627285879366
744,0.14445725,1.0315582,-0.5388918732112555
745,0.08689173,1.0444229,-0.6703667552853427
746,0.051409326,1.0495182,-1.2733335291719876
747,0.06892838,1.0437304,-1.542703960695616
748,0.19255021,1.0451425,-0.9534140627101049
749,0.25597444,1.0206298,-1.9751299529484736
750,0.21162954,1.0110629,-2.28990012828219
751,0.20832267,0.9983111,-1.6577993776940185
752,0.26034877,0.9958572,-1.7411623893752597
753,0.19050512,1.0100005,-1.7633462237706277
754,0.07231154,1.0193253,-1.7848292151649479
755,0.07656147,1.0224398,-1.617183921755175
756,0.09486135,1.0119838,-2.1340248095730248
757,0.09486254,0.9958367,-2.170288361106331
758,0.13147673,0.98183936,-1.4513112789522353
759,0.15000018,0.98696333,-1.4539234419054443
760,0.0793645,0.9881848,-1.7599808174418083
761,0.0112737045,0.9964422,-2.099598211984519
762,0.08549138,0.98795354,-1.5106297172685126
763,0.15966758,0.9825548,-1.3923393190788327
764,0.12277105,0.984657,-1.3088622063305144
765,0.031357847,1.0019658,-0.8334770838907405
766,-0.0009231344,1.0254563,-0.47627032621663606
767,-0.023218788,1.0313475,-0.8787352450657818
768,-0.0032279268,1.0299444,-0.9693207877041364
769,0.088988386,1.0302961,-0.6060795522016723
770,0.1849725,1.0197384,-0.3536285518022766
771,0.17104241,1.0145692,-0.7515291868423924
772,0.16383275,1.0200496,-0.683442398242
773,0.22221121,1.0256242,-0.6721781702332384
774,0.28794202,1.0209777,-0.6779955050299133
775,0.29294345,1.015877,-0.3287788633055457
776,0.26633856,1.0244375,-0.3742917522320493
777,0.24244323,1.0302128,-0.20786931462279765
778,0.21934244,1.0371835,-0.10746948768222876
779,0.2331759,1.0468445,-0.2602708968515722
780,0.26159653,1.0420581,-0.10055275907739814
781,0.28784832,1.0365021,0.24065895394423567
782,0.28650412,1.0376774,-0.3910406986469741
783,0.30884078,1.0188757,-0.5320256845888791
784,0.34594777,1.0104371,-0.43862710510006114
785,0.3835148,1.0037792,-0.8459687453363556
786,0.35881546,0.9951211,-0.6951707770979746
787,0.3573006,0.9984782,-0.37223378249743694
788,0.34336534,1.0124518,-0.10996900944087697
789,0.26468816,1.0403347,-0.6065379923004313
790,0.23998484,1.0445843,-0.33264640723883937
791,0.26629242,1.0417619,-0.41219318597261045
792,0.3049378,1.0257747,-0.07688222802726113
793,0.27550492,1.0283084,0.042766523481808684
794,0.25251105,1.044163,-0.5704448289223926
795,0.27599236,1.0226154,-0.2877932931496279
796,0.30447122,1.0206009,-0.27680487334264936
797,0.32906273,1.0094355,-0.40906037737771306
798,0.31216303,1.0012355,-0.3129622546385793
799,0.32169035,1.0092112,-0.13069973257105008
800,0.317224,1.0141038,-0.03883255407755872
801,0.29434052,1.0230802,-0.054355086658378855
802,0.2890618,1.0280087,0.2840093622900238
803,0.27397314,1.0328923,0.5524656177352731
804,0.2697766,1.0257337,0.3011580188475204
805,0.29410645,0.99970657,-0.09877098324272478
806,0.31102523,0.9828842,-0.3233812647578598
807,0.34143278,0.976777,0.2324227094060693
808,0.34818277,0.97477657,0.42777619906945946
809,0.36293814,0.9801347,1.255710282880431
810,0.2764031,0.9952964,1.0333762946993088
811,0.24170741,0.9800634,0.9488080826884848
812,0.25314382,0.9263341,1.0227096056543816
813,0.24569735,0.89285296,1.1751817179568345
814,0.3075547,0.8504396,1.145372100062165
815,0.2937872,0.83028305,1.4607443908531872
816,0.2545527,0.81830394,1.4131358914809111
817,0.22218457,0.8082181,1.8279296507075031
818,0.19085929,0.7982122,1.7722009835247126
819,0.15334782,0.78618956,1.7170196274943719
820,0.093847,0.77870125,1.8766291562525486
821,0.052375756,0.7680332,1.684032422155007
822,0.010185443,0.76779705,1.6299746679416591
823,-0.023368932,0.76123846,1.2305469590324971
824,-0.031093277,0.75454533,1.328259077882221
825,-0.02680061,0.7553994,1.0881074661138457
826,0.015436791,0.75709957,1.2544346706055236
827,0.042647503,0.762019,1.2263011051494475
828,0.08427461,0.7616243,1.3721807621471234
829,0.10549887,0.76655257,1.18671488453882
830,0.10980388,0.7660572,1.52490089234101
831,0.119122885,0.7684076,1.4252613145659336
832,0.11945524,0.76913995,1.381656800766084
833,0.11230191,0.7672044,1.0905873890179776
834,0.09917011,0.76321125,0.4881725121344563
835,0.11204728,0.7667225,-0.40212478958236386
836,0.15949562,0.7804051,-1.0932686628228765
837,0.2235296,0.7795369,-0.991287622363106
838,0.23765352,0.7906326,-1.2252417123856678
839,0.23400518,0.81793225,-1.3591887157043978
840,0.22945216,0.8508347,-1.3360154508532596
841,0.2316418,0.8874541,-0.889033224221277
842,0.18858829,0.9265973,-0.7436334916941137
843,0.10261091,0.9584651,-0.6647183309142106
844,0.042720757,0.9865301,-1.150917574372304
845,0.095991515,1.0016563,-0.6662656161226143
846,0.1613895,1.0061705,-0.003320450528076408
847,0.13839534,1.01877,-0.7121131494932748
848,0.111292265,1.0357853,-0.6219027546567256
849,0.1491783,1.0420436,-0.7260477751145714
850,0.25859806,1.0380292,-0.2758875674826046
851,0.24374458,1.0249125,-0.2233573219973597
852,0.20988312,1.0360713,-0.4169057287587001
853,0.20746979,1.0415078,-0.034263130442215586
854,0.22270063,1.0484865,-0.15120149341191733
855,0.24251702,1.0400193,-0.3132203765835953
856,0.2671874,1.023435,-0.11631234142969069
857,0.30768397,1.0183773,1.324262364493775
858,0.22561094,1.0362663,1.2784100788699644
859,0.21962425,1.0248854,1.3002077568790873
860,0.15803954,0.9842435,1.1769864590984083
861,0.14491138,0.93065274,1.2316549593786668
862,0.24249563,0.86404127,1.2050048425451505
863,0.272396,0.82313883,1.274807435224176
864,0.23237118,0.8110657,1.333195410675784
865,0.20040986,0.8013681,1.2057542794396339
866,0.17522648,0.793753,1.3117757457400891
867,0.15895185,0.7873184,1.2732044396622346
868,0.1509045,0.783943,1.3679340943229772
869,0.13917378,0.7820896,1.3478131544697451
870,0.13135251,0.77767384,1.4752006591294782
871,0.121042095,0.77636313,1.4888407952609903
872,0.10973843,0.77305174,1.276680732954672
873,0.09066608,0.77029854,1.382266609900232
874,0.08515581,0.7666424,1.649573900246737
875,0.08885332,0.7694356,1.7082473986663798
876,0.08155867,0.77240306,1.6841037562918988
877,0.062267683,0.76437384,1.4541805565053292
878,0.036693,0.7571286,1.486302590956262
879,0.020814262,0.75636894,1.64495420857662
880,0.02227994,0.7587566,1.6789225761119744
881,0.02113863,0.7618463,1.7334028323187087
882,0.016443215,0.75730103,1.5378893274923258
883,0.0034824833,0.7520932,1.5107383788726558
884,-0.0066656247,0.75051075,1.5400315175012191
885,-0.0036712661,0.7507478,1.4718770180924792
886,0.0010939464,0.75367445,1.6364244431243693
887,0.011957489,0.75345945,1.4212374466556228
888,0.01841005,0.7522453,1.5033387350965841
889,0.020123504,0.75212127,1.3739484195979252
890,0.03152623,0.7504839,1.5697161107715523
891,0.037450217,0.7556187,1.684563403860251
892,0.048967503,0.75584,1.6308979158815466
893,0.042621635,0.75716853,1.5236858599589618
894,0.030039273,0.7507776,1.626936187031767
895,0.024476849,0.7510831,1.4224566338417104
896,0.022511683,0.7524888,1.5230573719386378
897,0.020984732,0.75267136,1.5221586571696974
898,0.029235922,0.75198555,1.6026046983444535
899,0.031451724,0.755944,1.6191818915087932
900,0.033414863,0.75313884,1.643966929710706
901,0.028989457,0.7534514,1.3238699750263947
902,0.021939598,0.74984425,1.2129458168936365
903,0.019375406,0.748087,1.2247942846646098
904,0.04587432,0.7507649,1.705159071089618
905,0.076502584,0.7624729,1.8038585082339629
906,0.0959992,0.7666235,1.650118281368399
907,0.07651558,0.759793,1.6861626553431213
908,0.053799354,0.75026655,1.79290294989378
909,0.034223996,0.753475,1.6290903429417152
910,0.0120976195,0.75434947,1.490507688685867
911,-0.0065122023,0.7486658,1.4583968994989327
912,-0.0072052255,0.7469016,1.3935534176339148
913,0.0041842684,0.7506178,1.3583716833309911
914,0.017928742,0.7517501,1.5490852585830461
915,0.03900405,0.75380415,1.6446461737679892
916,0.05356195,0.75720733,1.7465917049010833
917,0.054702364,0.7574798,1.599835454607332
918,0.03978046,0.75198996,1.4041224818363556
919,0.020120941,0.74890006,1.1897589680359975
920,0.02080246,0.7474269,1.505193713942455
921,0.03823205,0.7532059,1.5563523823980907
922,0.06274041,0.7601337,1.3580690737517482
923,0.061990462,0.7587804,0.9154178018702329
924,0.064477466,0.75106597,0.8675004288999506
925,0.08466592,0.75584704,0.8164838868674851
926,0.1291264,0.7685746,0.9973509746570495
927,0.17147854,0.7814086,1.1656112914740675
928,0.19715849,0.7904438,1.1145847154061417
929,0.20363286,0.7939655,1.0215542465987721
930,0.19719973,0.7927732,1.0496076005215633
931,0.19892266,0.7932662,1.0544920427553532
932,0.20579192,0.7953247,1.0944147458182312
933,0.20828095,0.7962159,1.2897186857267895
934,0.20845374,0.7964313,1.5074341992699105
935,0.20561847,0.79613054,1.4752350538886887
936,0.1859512,0.7909158,1.3202428197097156
937,0.15537074,0.7818099,1.1793782335502412
938,0.1366792,0.7756061,1.0229328958204031
939,0.13849875,0.7753017,0.9566769899772378
940,0.1499807,0.7778929,1.168197571419964
941,0.16713163,0.78254163,1.0001816316211292
942,0.1812006,0.7876619,1.2018136422099115
943,0.18372223,0.7885703,1.3002591590617474
944,0.18520382,0.7894664,1.3925370984520435
945,0.18461516,0.78992844,1.4330783437145138
946,0.1662322,0.78454185,1.4360142954745838
947,0.15064934,0.779897,1.4250958818343709
948,0.13495448,0.7749269,1.440122394096671
949,0.12338271,0.77105004,1.6318867989956427
950,0.111179136,0.7702369,1.5256954005330052
951,0.09094491,0.76821357,1.2796870568294574
952,0.067306064,0.7629456,1.272630193854963
953,0.063740514,0.7592358,1.2699204758275084
954,0.07748737,0.76388365,1.229864066539393
955,0.08869036,0.7667177,1.012382046609166
956,0.10798093,0.76512104,0.9882575558282864
957,0.12178042,0.7684635,0.8751347924014903
958,0.14816579,0.77626914,0.8372102203711106
959,0.17389897,0.7840077,1.2952362861979652
960,0.19875202,0.79168934,1.3559798194234391
961,0.21206537,0.797476,1.312411548748158
962,0.19405505,0.7932201,1.5185068644940585
963,0.17315176,0.7867005,1.2263228652813658
964,0.16052958,0.78340256,1.4343391351113914
965,0.14610252,0.7780745,1.586309859910904
966,0.13758895,0.7751105,1.3014924747210497
967,0.123112105,0.77356076,0.7396798311643291
968,0.104860686,0.7658472,0.3514055607382682
969,0.12513438,0.7706299,-0.11142919333558025
970,0.19032809,0.78916764,-0.5500706951012968
971,0.22662774,0.785526,-2.099800151788239
972,0.258284,0.7961949,-2.5306015562586968
973,0.29690507,0.82140553,-2.3981480498033925
974,0.31029448,0.85796595,-2.2035079574555034
975,0.22463593,0.8975769,-2.0052753616316386
976,0.07444056,0.9362713,-2.3186601984552127
977,-0.011369921,0.9574942,-2.2826414121293315
978,-0.009169199,0.9627942,-2.2771823064793075
979,0.04693564,0.941775,-2.43043936197611
980,0.07405623,0.9245353,-2.9050509145932475
981,0.09994801,0.90190214,-3.1089800439742303
982,0.1595631,0.8776811,-2.9796978179892837
983,0.21707496,0.86227804,-2.3035575824367185
984,0.1942865,0.8701241,-1.5180855830878661
985,0.072994076,0.8905574,-1.4800585312292984
986,-0.046412624,0.91240597,-1.6952756611438133
987,-0.052309908,0.9287374,-0.6577272131679087
988,-0.06207875,0.9685132,-0.8099356346078411
989,-0.05686585,0.97047323,-0.10864329520335182
990,-0.15086141,1.0220796,-0.7845127779246954
991,-0.04673145,1.0308925,-0.10465432312592318
992,-0.0030536428,1.0171831,-0.6531424182413798
993,0.10961642,1.0160117,-2.3022980513936346
994,0.17427549,0.99342394,-1.6872279141445754
995,0.2939963,1.001193,-2.037627820396185
996,0.30140063,0.991818,-2.0668979476819183
997,0.21526101,0.9933839,-2.3490859411280525
998,0.16624013,1.0043979,-2.507666213066827
999,0.18508771,0.9827113,-1.960398509714234
1000,0.16429415,0.9835375,-2.100311408629462
1001,0.11264505,0.9703881,-2.326311206173203
1002,0.0685245,0.96015924,-2.184129285768622
1003,0.10620239,0.9520079,-2.386145946308388
1004,0.13852897,0.93144304,-1.8067536227791547
1005,0.10808899,0.9433131,-0.396037233242499
1006,-0.031671382,0.99496084,-0.4839720085337202
1007,-0.14906445,1.0572692,-0.22584558662588866
1008,-0.23128715,1.0851257,-0.38535014692879793
1009,-0.09685335,1.0854423,-1.0137600310167347
1010,0.03242811,1.0510023,-0.6814840639926397
1011,0.14456895,1.0332457,-0.40175957003871765
1012,0.19665626,1.0155575,0.7949861772741882
1013,0.10479941,1.0388836,1.0447709145436295
1014,0.068698965,1.0924113,0.7082492706283645
1015,0.075923644,1.0502528,0.2308177840409676
1016,0.111394666,1.0074849,-0.06045776634191029
1017,0.1858522,0.97883886,0.18146154487746172
1018,0.24566469,0.96137863,0.10655900894916327
1019,0.30054197,0.95810336,-0.436163058212554
1020,0.33315477,0.9614711,-0.03333332055367128
1021,0.34344563,0.9793879,0.3855361733571804
1022,0.35277823,0.99176735,0.3437124560126928
1023,0.34667256,0.9951613,-0.7481483012397452
1024,0.37632266,0.9900754,-1.6688366743242884
1025,0.42723522,0.98157614,-2.1286749374685487
1026,0.43276685,0.97632426,-1.3695026484125978
1027,0.38091055,0.9792344,-0.5569289903494576
1028,0.20607737,1.032234,-0.7187235270736955
1029,0.014811479,1.0769476,-1.0617729356594572
1030,-0.013078548,1.0948219,-0.7841963438289331
1031,0.09307989,1.087559,-1.025985192989208
1032,0.15160689,1.0619541,-1.6571866863596267
1033,0.17141595,1.0309253,-1.4324069924435188
1034,0.22572127,1.0157845,-1.3569900702494557
1035,0.23343065,1.0113353,-0.840979624345032
1036,0.14941582,1.0361358,-1.2726400419356305
1037,0.088391684,1.0421999,-1.5194691572330394
1038,0.1160359,1.0383302,-1.8915732911251788
1039,0.17711613,1.0280937,-0.9975986321911227
1040,0.20522043,1.0243921,-0.600601554593104
1041,0.10664513,1.0346131,-1.1492181859198245
1042,0.026634298,1.0468946,-0.8143570118295582
1043,0.04303088,1.061125,-0.5235186275227813
1044,0.113516115,1.0478146,-0.9425261172938812
1045,0.114890896,1.0377101,-1.0810506865518068
1046,0.1778408,1.0394495,-0.8941525551009104
1047,0.2523423,1.024233,-0.7983367558870413
1048,0.24627045,1.0228001,-0.5557840680810713
1049,0.19224223,1.0304366,-0.4325287044265379
1050,0.16161618,1.0418435,-0.27498131084996996
1051,0.14635375,1.0484099,-1.1730093292979689
1052,0.21091232,1.044407,-1.384500259823882
1053,0.27988133,1.0219436,-1.3563916474424316
1054,0.31477752,1.0093415,-1.4091920430330283
1055,0.28315833,1.0006224,-1.3028182544692326
1056,0.2313079,1.0177774,-1.7544333653743223
1057,0.19474825,1.0210004,-1.5630320115272223
1058,0.19713035,1.0192851,-1.199682897199488
1059,0.18460122,1.0268443,-1.5243575750290157
1060,0.11673888,1.0254978,-1.5914077282773602
1061,0.10377099,1.0290325,-1.593778248885205
1062,0.1481286,1.0237789,-1.2231839376519154
1063,0.14240095,1.0202968,-1.3866728830565975
1064,0.097939454,1.0199468,-1.4365681251661777
1065,0.08669444,1.0202937,-1.3872270770341257
1066,0.12771794,1.0188127,-1.7395282993901138
1067,0.14476141,1.0108125,-1.479421529626639
1068,0.16134015,1.0099728,-1.4213904773962422
1069,0.15545163,1.0086429,-1.4378386808026562
1070,0.11988767,1.0093158,-1.3545649634805952
1071,0.11075141,1.0145762,-1.5588324476703264
1072,0.1222926,1.01099,-0.8917421257094564
1073,0.11012884,1.0178593,-1.1020287362399952
1074,0.082388185,1.0172424,-0.6080623826129681
1075,0.033759974,1.0268035,-0.9304890549924922
1076,0.076443695,1.036171,-1.1979903293932348
1077,0.13639453,1.023231,-1.1521527734327885
1078,0.23044845,1.0210532,-1.2546484515701521
1079,0.2575483,1.0109395,-1.339069207687853
1080,0.25109115,1.0092471,-0.8365888540979396
1081,0.2227808,1.0178943,-1.0331371090001327
1082,0.1700733,1.0203793,-0.14287519253802067
1083,0.07562383,1.0406736,-0.3676694309023701
1084,0.063535236,1.0626566,-0.40548250389503054
1085,0.07420095,1.0622315,0.047543646473133375
1086,0.12915966,1.0731924,0.23272393681852793
1087,0.1712577,1.0671697,-0.4147622783871314
1088,0.22443369,1.0402389,-0.805572551679612
1089,0.3082697,1.0198969,-0.8151700007283161
1090,0.34976628,1.0057367,-0.4980606735772822
1091,0.33396718,1.0002072,-0.593516999603273
1092,0.28198174,1.018923,0.14332196488734053
1093,0.18824229,1.0520557,0.4398567286255687
1094,0.14877889,1.0889068,0.6161706315122564
1095,0.1266332,1.0805727,0.8114412902557906
1096,0.106102906,1.0566573,0.713044414681514
1097,0.17727211,0.9990752,0.5642201524301315
1098,0.23328862,0.9498277,0.2788901925986152
1099,0.26540443,0.92633957,0.5622956237320297
1100,0.27873847,0.9123925,0.593026726433825
1101,0.32216755,0.9015143,0.6479369276579048
1102,0.3450397,0.88717496,0.5193597449247107
1103,0.34403858,0.88134736,0.520819392745608
1104,0.34406945,0.8768563,1.0675084737269491
1105,0.32821515,0.8741815,0.7228212408716923
1106,0.36849457,0.85845286,0.9315278064685755
1107,0.3363048,0.8454559,0.6171946059333152
1108,0.32349882,0.8438247,0.8692903665028905
1109,0.31593975,0.837228,1.0336758460329132
1110,0.30928698,0.83466816,1.098615247715019
1111,0.29740527,0.8311523,1.0465478652319686
1112,0.26940235,0.82229203,0.8448603622102944
1113,0.2522678,0.8165706,1.1686240392165792
1114,0.2435675,0.81235325,0.9368235416908032
1115,0.24407485,0.8124681,1.0658259340275287
1116,0.23020807,0.8076235,0.9465309224756283
1117,0.22515413,0.8058954,0.7989960002920038
1118,0.22679517,0.8060055,0.7410179933854523
1119,0.23352936,0.80735564,0.5149226897140263
1120,0.25835934,0.8146128,0.9267664827792506
1121,0.27612957,0.81935185,0.8042566818949487
1122,0.29729816,0.8269576,0.7763943391650133
1123,0.29276016,0.82623076,-0.23278381207576374
1124,0.3039522,0.8372479,-0.48762849587297463
1125,0.3046405,0.8657736,-0.5931432566201701
1126,0.31430545,0.8703709,-1.1608868621903565
1127,0.2997239,0.87829554,-0.715519814290274
1128,0.30917528,0.9042598,-0.3955526854390394
1129,0.2660642,0.93443304,0.09578052577594792
1130,0.15242717,0.98279196,-0.4034831664732774
1131,0.13922587,1.026329,-0.7633710545037766
1132,0.22726217,1.0328302,-0.5431909046598039
1133,0.30612287,1.0292629,-0.6998563811399445
1134,0.30147544,1.0142431,-1.1464746936804948
1135,0.29209158,1.0040565,-1.1990499416504639
1136,0.31834152,1.0001117,-1.068944447390963
1137,0.3189459,0.9959793,-0.5040311509350951
1138,0.24312165,1.0287101,-0.3913665667844531
1139,0.13985959,1.0495455,-0.446718959106837
1140,0.09806033,1.0641189,0.6637384359009516
1141,0.02978053,1.0870293,0.3061922288775337
1142,0.08929493,1.0981187,-0.27193499560185586
1143,0.15856704,1.0419874,-1.4552072305200632
1144,0.285638,1.0147128,-1.4941219241164398
1145,0.32212362,0.98959714,-1.493363470691006
1146,0.3141978,0.9845029,-1.7452003457407304
1147,0.25405148,0.9884654,-0.945723641737466
1148,0.18075076,1.0350369,-0.6400966047469716
1149,0.07828852,1.0535003,-0.06887818847130267
1150,-0.047963478,1.0888745,0.3443645316909254
1151,-0.09665606,1.1269866,1.2247444898372428
1152,-0.102274574,1.1495943,1.7839693419860436
1153,-0.09397129,1.1200473,1.4565768450039103
1154,-0.014607407,1.0306865,1.1973889697235969
1155,0.05678185,0.9375098,1.112570388025241
1156,0.1293824,0.87341994,1.0719032736079366
1157,0.22051165,0.8265791,1.0599735897456952
1158,0.22488901,0.80917424,1.058487165574242
1159,0.20729336,0.80388063,1.130692461851632
1160,0.1959512,0.8005715,1.0670446186399538
1161,0.19019571,0.7981716,1.2447264749956688
1162,0.18662736,0.7958825,1.295327245189479
1163,0.18229857,0.793957,1.1914507863478438
1164,0.17079166,0.79013914,1.225915271586094
1165,0.15879557,0.78557026,0.8276446361329729
1166,0.16084227,0.7859141,0.9859598156405109
1167,0.1680161,0.7864611,1.035391196931003
1168,0.18726638,0.7918506,1.0567665761440654
1169,0.20185736,0.79653436,1.0799568310882204
1170,0.19989094,0.796089,0.9819722340871102
1171,0.20126125,0.7966864,1.241476394007181
1172,0.20380655,0.79690844,1.355284176909671
1173,0.20455548,0.7974118,1.2348395834616017
1174,0.18945262,0.7933403,1.0788745324895916
1175,0.16860321,0.7868056,0.9692715197437817
1176,0.16828713,0.7859313,0.9829132528556221
1177,0.1801199,0.7885618,1.1310913070618374
1178,0.19321224,0.7921485,1.0507474198031388
1179,0.19785759,0.79417217,1.1089024129923153
1180,0.19548902,0.7936211,1.0437956562933732
1181,0.19499376,0.7936452,0.9774509080751784
1182,0.1973081,0.7943183,0.8999975994472988
1183,0.20159373,0.7954136,0.735623732352562
1184,0.21580681,0.79959816,0.8856322563766512
1185,0.23197946,0.8040341,1.0195999405993352
1186,0.24931523,0.8096698,0.9624952023849022
1187,0.25276443,0.8117096,1.0543990880942826
1188,0.2452546,0.80969054,1.0324528208655448
1189,0.2410151,0.8086249,0.7669177414364624
1190,0.23792472,0.8079508,0.6941224547375123
1191,0.24153545,0.808373,0.5586063189976488
1192,0.26644555,0.8156405,0.45478449054047165
1193,0.29504743,0.824255,0.7244668197558257
1194,0.31497946,0.8326777,0.6438847609617593
1195,0.34050027,0.8404472,0.6497832855728317
1196,0.339852,0.84284675,0.7111158784835715
1197,0.32657108,0.84897244,0.5748057930273982
1198,0.345391,0.84725577,0.24797329809310006
1199,0.34084174,0.8555646,0.11446694812476196
1200,0.33052793,0.8752122,0.4253657962763186
1201,0.3367686,0.8854247,0.6969416437580057
1202,0.36675164,0.8983319,0.6497519565771558
1203,0.35243234,0.9012061,1.13660041592404
1204,0.2985588,0.9030345,0.912393108173109
1205,0.32128808,0.8807658,0.6364059537999084
1206,0.33355263,0.85323083,0.37973371064414896
1207,0.30199632,0.8563056,0.8450371191258409
1208,0.312834,0.85463923,0.682051136900715
1209,0.3553863,0.85212266,0.766763384611006
1210,0.34640285,0.8459336,0.7059327738486796
1211,0.33067533,0.8467702,0.5974017129057635
1212,0.33923915,0.8434092,0.606851356541889
1213,0.33963564,0.8438946,0.5741345358000101
1214,0.34831306,0.84699166,0.9466718229826276
1215,0.34425882,0.8491075,0.6113914258956488
1216,0.3515829,0.84713656,0.4161881676198441
1217,0.342634,0.84430146,0.4948404396211463
1218,0.32341644,0.85735196,0.388929542952506
1219,0.34987447,0.8637205,0.39093296503524333
1220,0.35321292,0.8716389,0.26792810777418813
1221,0.35272995,0.8858383,0.4020584682876718
1222,0.35280117,0.89558935,0.3892585445681686
1223,0.36452267,0.9022188,0.21395095755118665
1224,0.37509587,0.9053225,-0.4614431158713654
1225,0.3787941,0.9223707,-0.20995382353729655
1226,0.37518832,0.9346887,-0.13570555122548444
1227,0.3748351,0.9407762,0.10257655275772386
1228,0.3498716,0.96219003,0.37002919822910996
1229,0.29703924,1.0001374,0.5262613943914165
1230,0.2778546,1.0115331,0.27695318746142494
1231,0.2910085,0.9919391,0.05515700971216968
1232,0.30213407,0.97883475,0.21148700991410702
1233,0.31496438,0.9712642,0.4071051167923336
1234,0.34907076,0.95993453,0.5432260170458083
1235,0.35734525,0.9523951,0.7429123414679462
1236,0.33151332,0.9473204,0.7776875844643084
1237,0.33075944,0.9278184,0.7614426832426893
1238,0.33937052,0.8998355,0.9671355999859078
1239,0.33216473,0.8779866,0.9799121059590125
1240,0.35243478,0.8526325,0.8329745990779945
1241,0.32455048,0.84028214,0.8839794142550157
1242,0.29837057,0.8320653,1.090659668328681
1243,0.28602323,0.8273816,0.7815024977363163
1244,0.27519813,0.8240416,0.5950788183210114
1245,0.26391998,0.8198459,0.667808308077204
1246,0.27524456,0.8222698,0.9098465668850535
1247,0.29649284,0.8281391,1.01507530574241
1248,0.3000296,0.8299508,0.4599327096996334
1249,0.29112688,0.82819605,0.3556809179928406
1250,0.29796478,0.82940733,0.9452766123306712
1251,0.30460265,0.8392658,0.9743832126611005
1252,0.34125307,0.8428994,0.9518422296506355
1253,0.31618807,0.8370122,0.9619848997264736
1254,0.2940028,0.829929,0.6331873984954747
1255,0.28905538,0.82809687,0.8906195798957426
1256,0.2842014,0.82491237,1.175898561216132
1257,0.28762147,0.8256498,1.1430774106289296
1258,0.27761957,0.82341325,1.1072310056189192
1259,0.2467927,0.81388533,0.9695222152185029
1260,0.22985712,0.80824757,0.7335272205367693
1261,0.22806802,0.8068866,0.6630879828280979
1262,0.23806718,0.8087126,0.778571277970381
1263,0.25890473,0.8143154,0.9647792525121539
1264,0.27855632,0.8205554,0.48815113678099137
1265,0.2855793,0.82412934,-0.33439230904879624
1266,0.3073484,0.8320547,-0.9824457941826626
1267,0.33969352,0.8644501,-1.2538053616990243
1268,0.3468862,0.86709285,-1.1700528029380068
1269,0.33049038,0.88425845,-1.1843345517104067
1270,0.2924269,0.9100464,-0.759601424896334
1271,0.21316782,0.9470164,-0.7135009540768003
1272,0.13885084,0.978027,-0.4443474159766145
1273,0.07918509,1.0048431,-0.6407280027444932
1274,0.10555371,1.0227939,-0.2667756591345897
1275,0.12283238,1.0266082,-0.22024748631655994
1276,0.15212128,1.0335577,-0.4182676902011657
1277,0.1814371,1.0325727,-0.07455724896009346
1278,0.2123777,1.0368015,-0.14615980092921302
1279,0.24072137,1.0334477,-0.04750821744285556
1280,0.25216183,1.0331655,-0.03226093984712983
1281,0.2833667,1.0289176,0.17131492127521702
1282,0.29155585,1.0220722,0.05324387569837937
1283,0.31771287,1.0133171,0.22531752028038027
1284,0.31695673,1.0043377,0.3695094666272067
1285,0.3259525,0.99576265,0.5622997577503247
1286,0.33086225,0.9808254,0.6307506081570562
1287,0.32477728,0.96493125,0.5581020103032259
1288,0.33848456,0.9366574,0.6868764488015667
1289,0.33372864,0.91577405,0.6449406956044831
1290,0.35267964,0.8940191,0.706336729402903
1291,0.35517052,0.87666684,0.7445834607865026
1292,0.3526943,0.8648659,0.8000639599611296
1293,0.357134,0.85211927,0.6431521706685424
1294,0.34484616,0.8469295,1.052234830112843
1295,0.33027408,0.8413553,1.042976617475
1296,0.31956616,0.8381716,1.070119775747783
1297,0.29153463,0.8294471,1.1046623260722856
1298,0.26383087,0.820211,1.2301379898132245
1299,0.24653974,0.81410027,1.032383435540864
1300,0.22584298,0.8074685,0.9158075296561742
1301,0.20923081,0.8015969,1.0551275660210921
1302,0.20739797,0.7998859,1.0978370366307564
1303,0.21512726,0.8018316,0.8517281033841743
1304,0.21041188,0.80073464,0.9303302658960643
1305,0.20959124,0.7998173,0.9032798590423695
1306,0.222734,0.8035639,0.9809440128883389
1307,0.23150048,0.806102,1.0643281208503719
1308,0.2326639,0.8065702,1.0285135894009394
1309,0.2302942,0.8061772,0.6855300293921232
1310,0.22761163,0.80568725,0.9572178659047706
1311,0.23369923,0.80640334,1.1941425750550014
1312,0.24817869,0.8108783,0.9373025750859595
1313,0.24521908,0.81116384,0.9672125196831959
1314,0.22872952,0.80589586,0.7387908901707609
1315,0.23525783,0.80779034,0.7802973936928518
1316,0.24649838,0.8103441,0.8286357866856584
1317,0.26003483,0.81432956,1.2104511775761997
1318,0.27221933,0.8182315,1.1224253014982022
1319,0.26246068,0.8166867,1.2964908810049423
1320,0.2420347,0.8105779,1.3282554260624744
1321,0.21936771,0.8035128,1.136350246764197
1322,0.1992133,0.7973671,1.2294452511337606
1323,0.18092963,0.79075664,1.3155317165817706
1324,0.17659304,0.7887558,1.1973298697211654
1325,0.16796747,0.78616774,0.8791389593228925
1326,0.15611878,0.7825352,1.2409977233904015
1327,0.16253439,0.78314674,1.1861766482479383
1328,0.18137988,0.7891154,1.2721234624891202
1329,0.17809513,0.7885117,1.1868635288568683
1330,0.16402456,0.7844403,1.052111861363708
1331,0.16196677,0.7837816,1.2860110617685339
1332,0.16399226,0.7835217,1.3568070428583217
1333,0.1705648,0.78567827,1.2025811243716822
1334,0.15921775,0.78275645,1.3174771610598466
1335,0.14723757,0.778698,0.9875370826422443
1336,0.14880726,0.77941173,0.9533494317443105
1337,0.15087542,0.77922404,0.779607422284535
1338,0.16936013,0.78442585,1.0300245030288993
1339,0.19600478,0.7917794,1.0043630258887206
1340,0.21471265,0.79825056,0.8596135366299256
1341,0.21864071,0.80030364,0.5111453311259841
1342,0.22880915,0.803774,0.8406214824295505
1343,0.25246814,0.8100933,0.8733804507774111
1344,0.2827603,0.8200589,1.1816285944660196
1345,0.28891852,0.8229618,0.6862516406546244
1346,0.2746403,0.8201124,0.8994902492662168
1347,0.26756015,0.817315,0.7939991786773468
1348,0.27576038,0.81995994,0.7801818795838138
1349,0.28347495,0.8221073,0.6957432549496109
1350,0.28763375,0.8234746,0.8390711392700813
1351,0.29657808,0.82597786,0.7607870653434209
1352,0.30275944,0.8283033,0.8649559311567081
1353,0.3017713,0.8281599,1.014050135842869
1354,0.2991489,0.8275474,0.8968599709918347
1355,0.291086,0.8256547,0.8417127998626357
1356,0.27824453,0.8216492,0.7982258971632508
1357,0.27679142,0.82079566,0.944824864074003
1358,0.27977207,0.8211688,0.9740105989418988
1359,0.27886972,0.8211451,0.8191185325987055
1360,0.27043995,0.8189797,1.2935169717288026
1361,0.2639158,0.81635064,1.303971250182649
1362,0.2576426,0.81523883,1.3644265496692025
1363,0.23127678,0.80751055,1.3260347747423806
1364,0.19713882,0.79677105,1.2336545670427257
1365,0.1779516,0.7904814,1.132129861761638
1366,0.16246632,0.7849786,1.1322969351522663
1367,0.15929094,0.78311366,1.1693436531398913
1368,0.16240725,0.78350925,1.146966912507556
1369,0.16366538,0.7838718,1.404101321564242
1370,0.16530463,0.7841265,1.3897156861538649
1371,0.160813,0.78332335,1.3797515077691167
1372,0.14614734,0.779045,1.6291167800050654
1373,0.13382229,0.7747502,1.4467691934095812
1374,0.12034645,0.7722805,1.802612414009258
1375,0.10017284,0.769717,1.5833483403145412
1376,0.08049049,0.76499504,1.553169003490294
1377,0.045813404,0.76340663,1.1834002607291938
1378,0.03803637,0.7548013,1.308524911560771
1379,0.036158465,0.7588319,1.130878860345564
1380,0.06860425,0.760672,1.2330992384887347
1381,0.08534583,0.765214,1.1105603916098834
1382,0.11098649,0.76516944,1.1389103684515691
1383,0.1253927,0.76958823,1.3886974278384563
1384,0.13798657,0.77331316,1.4440126145141687
1385,0.14831725,0.777346,1.3771964424880434
1386,0.1352227,0.7739856,1.2934305074089636
1387,0.120467804,0.76960444,1.2457633140360813
1388,0.11872145,0.76869124,1.2972168047329504
1389,0.12334969,0.7695799,1.1244236666835141
1390,0.1267415,0.7707457,1.441431311250984
1391,0.13309762,0.7720891,1.4942004995607379
1392,0.13775817,0.77410054,1.3191275657064336
1393,0.1265432,0.7714818,0.9909300085302889
1394,0.10843321,0.76608074,1.1503837704478481
1395,0.11977442,0.76822853,1.2780422177700288
1396,0.14344963,0.7750146,1.1844170196719148
1397,0.15263525,0.7786458,1.2402813841868896
1398,0.14697054,0.77714,1.177672607498754
1399,0.14856973,0.7778763,1.3073654077368124
1400,0.15300795,0.7790645,1.3660608192890866
1401,0.15170899,0.77884823,1.3517158565227905
1402,0.14612105,0.77750325,1.24022239877427
1403,0.13361737,0.7738531,1.276399029807129
1404,0.13110581,0.77266985,1.4507789134537667
1405,0.13518944,0.7734921,1.139578449414838
1406,0.13152584,0.7731082,1.2073327535002754
1407,0.124552034,0.7704668,1.3834081857074243
1408,0.13035187,0.77187365,1.3880236096890644
1409,0.14115402,0.77562875,1.3120778369688433
1410,0.12798622,0.77197635,1.395451302508776
1411,0.12170931,0.76984906,1.2760775591623195
1412,0.120535694,0.76959074,1.3374419194188518
1413,0.11872222,0.76867473,1.2007917590838195
1414,0.11742642,0.7682998,0.2627105511119629
1415,0.12568131,0.7715071,-0.610603339697719
1416,0.17125866,0.78491265,-0.65067591081621
1417,0.2305663,0.79012793,-0.6496730848368835
1418,0.2280471,0.803365,-0.39246078436433124
1419,0.20343634,0.8327871,-0.36541008780401824
1420,0.17412052,0.8721357,-0.07374153176355401
1421,0.13761058,0.91534853,0.35658986045876495
1422,0.100001894,0.9619756,-0.11821666124376937
1423,0.14622489,0.9955045,-0.41063457338370374
1424,0.22683045,1.003718,-0.3895934585773963
1425,0.30613902,1.0055711,-1.1039122016493734
1426,0.31693175,0.9926028,-1.016654650290446
1427,0.33821252,0.99796826,-0.8818858726859031
1428,0.34423932,1.0022681,-0.4566781666124396
1429,0.25715646,1.0125692,-0.29476710084612695
1430,0.16064706,1.0402604,-0.3116050802619
1431,0.1285244,1.0576109,-0.12215379049370699
1432,0.14196798,1.0654805,-0.41051014552992415
1433,0.20189747,1.055124,-0.15152307483401686
1434,0.24216089,1.0428469,0.06338887896309293
1435,0.26182452,1.03791,-0.10662294606367101
1436,0.27254984,1.0261708,-0.15954856879732812
1437,0.3004708,1.0203173,-0.2868720319685012
1438,0.34298387,1.0080378,0.05676382261237497
1439,0.34275922,1.0053321,1.3143164571898225
1440,0.2541646,1.0285178,1.7313945146251037
1441,0.20049784,1.0265877,1.292543089154255
1442,0.16010717,0.97548455,1.2333833703077033
1443,0.14339957,0.91502804,1.1959378054402314
1444,0.21329668,0.85756403,1.1858760524007776
1445,0.25885674,0.8191384,1.1727099214903969
1446,0.2220538,0.8078976,1.0513056307894766
1447,0.19881019,0.800883,1.0192330837002312
1448,0.18711033,0.7966539,1.2069062160962094
1449,0.18802688,0.7955031,1.2062267645558464
1450,0.18871441,0.7953931,1.4787161916132714
1451,0.18152103,0.792645,1.432287526940598
1452,0.16496196,0.7876331,1.126792396560265
1453,0.14222571,0.7807515,0.8756568990228495
1454,0.13160846,0.7764001,0.8681438120933345
1455,0.15137789,0.780769,0.9655975654790889
1456,0.18069473,0.78871876,0.8556063320522262
1457,0.20166686,0.7955346,1.0706896192498612
1458,0.21226147,0.7988533,0.8690021472461938
1459,0.22199371,0.80263406,0.3760218243991979
1460,0.23177472,0.8061496,0.7707205802175456
1461,0.25305805,0.81154954,0.6948344090912588
1462,0.29430774,0.82466215,0.9571795659229055
1463,0.30594042,0.8291112,1.1162686886743818
1464,0.29896787,0.8283722,0.9699909886932869
1465,0.28655317,0.825481,0.824645224449431
1466,0.26705423,0.8192291,0.8380539833791499
1467,0.26449254,0.81750554,0.6340347982071048
1468,0.27756765,0.8209981,0.73599622874087
1469,0.28608432,0.8229317,0.9817777050572329
1470,0.29626307,0.82617384,1.1260154221064698
1471,0.29797664,0.8276151,1.1324197990795297
1472,0.2758676,0.82172745,1.0390401875674486
1473,0.25300613,0.8148065,1.0878854792482686
1474,0.23789445,0.80948204,1.0792874087172113
1475,0.22910056,0.80620754,1.095131475452002
1476,0.22031495,0.80311835,0.9251575206194838
1477,0.21281019,0.8007377,0.7460447253109675
1478,0.21420518,0.80074275,0.615564061160255
1479,0.23175135,0.8054103,0.46320141521690056
1480,0.2631714,0.8146375,0.553565530679656
1481,0.2948335,0.82419986,0.8239563131618456
1482,0.3229461,0.8335694,0.9980088279501322
1483,0.33303377,0.8384992,1.035087206479553
1484,0.317027,0.8352816,1.1954080148027504
1485,0.2938716,0.8282968,1.1974406543003882
1486,0.27043387,0.8209321,0.9914506337254306
1487,0.24430445,0.8126132,0.888115693751703
1488,0.22811893,0.8066059,0.8005917175360496
1489,0.23345336,0.80718213,0.610775408975112
1490,0.24880448,0.8112973,0.8061608043152905
1491,0.26404187,0.8153317,0.52883545106008
1492,0.28992888,0.8239487,0.479887342040655
1493,0.3047081,0.8286577,0.7289365782986591
1494,0.30965093,0.83904755,0.71114246450292
1495,0.34556094,0.8423288,0.7725573793401905
1496,0.34290227,0.8422994,0.7904495380695035
1497,0.33550254,0.84180367,0.8200137771469331
1498,0.331625,0.83920693,0.6403313014798876
1499,0.32652417,0.83774114,0.8548534995802264
1500,0.32240865,0.8357762,0.7475574944292426
1501,0.3247575,0.8366589,0.7133021872321347
1502,0.31824264,0.8346677,0.7321292139081469
1503,0.3172675,0.8342166,0.5997862420130419
1504,0.32495955,0.83656436,0.7029289156543979
1505,0.32833955,0.8372882,0.7759558291365646
1506,0.33361128,0.83905745,1.0055070913140698
1507,0.3313919,0.83872885,0.7757709044348575
1508,0.31819186,0.83554727,0.6928634815272806
1509,0.30511394,0.83133066,0.5253343980153118
1510,0.3119388,0.833009,0.7445090583235554
1511,0.32419547,0.83577865,0.74647075240029
1512,0.33591118,0.83978385,0.6490371658894084
1513,0.33359048,0.83968335,0.5880714915030577
1514,0.33486375,0.8401681,0.4766352044359295
1515,0.34282902,0.8457824,0.26527128522168203
1516,0.3429304,0.8583466,0.5213454319200697
1517,0.33311734,0.8722054,0.5292741598393871
1518,0.35665575,0.8795797,0.31074153371854585
1519,0.37124744,0.8793151,0.34905530739861335
1520,0.3453323,0.8939942,0.7761211823677872
1521,0.34245828,0.89843667,0.9465105897518027
1522,0.35318425,0.8937933,0.8679487553289795
1523,0.3367789,0.8796368,0.9410209868240348
1524,0.31627384,0.8637871,0.6779682637026726
1525,0.3310229,0.8468125,0.48509247188006155
1526,0.3272023,0.8402904,0.3086088526624638
1527,0.32286945,0.84942275,0.2669422958968986
1528,0.3315113,0.863064,0.4938790558608192
1529,0.33975402,0.8768256,0.5592171128862086
1530,0.36175117,0.8829788,0.47217721215050684
1531,0.3632497,0.8832233,0.4543748793808975
1532,0.34930858,0.88821155,0.4593653389942047
1533,0.35343215,0.88931036,0.5589823944375348
1534,0.36012736,0.8880241,0.737937626576066
1535,0.36105868,0.88459814,0.7653130289383409
1536,0.36521956,0.87441,0.7170752581315999
1537,0.36128345,0.86251795,0.6559657007875319
1538,0.3528625,0.8554321,0.8557134826331914
1539,0.34800616,0.8488736,0.5836368585084104
1540,0.3484647,0.8464337,0.47887677109851207
1541,0.34222236,0.84399045,0.17501183361464348
1542,0.33736494,0.8589005,0.4118995483691278
1543,0.33819726,0.87165093,0.48579958122129907
1544,0.3568196,0.88383615,0.34392702287225735
1545,0.37619063,0.8855782,0.43622709369970475
1546,0.35128704,0.8969684,0.6354469733269702
1547,0.3524206,0.8984988,0.6691454421598902
1548,0.36889586,0.8895409,0.8500792188514775
1549,0.35013595,0.8821836,0.5385210934273593
1550,0.3575143,0.8699581,0.31127259229020293
1551,0.3472583,0.8667865,0.10793218130727408
1552,0.33936176,0.88199735,0.37304209536516464
1553,0.3497989,0.89118725,0.39196209597908005
1554,0.3736106,0.9003979,0.5737172315885439
1555,0.3641753,0.90523815,0.7012691119573301
1556,0.3398622,0.9092185,0.6587760208491914
1557,0.35221854,0.894438,0.5950806099360817
1558,0.34703657,0.88341415,0.7651621588783311
1559,0.33817938,0.8747872,0.3320168645963569
1560,0.35861942,0.8689605,-0.9147770245647773
1561,0.3519664,0.8835913,-2.266180922597152
1562,0.41711938,0.90440345,-2.7132389160552486
1563,0.3925794,0.9215675,-2.47453984830852
1564,0.36219332,0.9313177,-2.016272549950585
1565,0.23282942,0.95773566,-2.3916561881488385
1566,0.051899873,0.9810035,-3.012889069802417
1567,0.0025867447,0.97404534,-2.29670980534217
1568,0.07496967,0.96032965,-3.1033333594768377
1569,0.1019369,0.9147439,-3.323958973255014
1570,0.105715655,0.88922656,-3.186495821976551
1571,0.17254344,0.8649459,-3.199593991782843
1572,0.21655598,0.8385062,-3.237778240220483
1573,0.18711165,0.8262265,-2.0244186277864418
1574,0.12421157,0.8555776,-2.284633988940836
1575,0.08921131,0.8282814,-2.037062401252952
1576,-0.014289238,0.8561913,-1.7941777956398988
1577,0.041531526,0.8693545,-1.3273063303400299
1578,0.040120862,0.8753851,-1.556590598560066
1579,0.03115549,0.88833296,-2.252896357064802
1580,0.0866827,0.89052075,-2.2986129273652356
1581,0.17179087,0.8945495,-2.6847561772693402
1582,0.24684772,0.88155586,-2.7690942831019005
1583,0.2732499,0.8765483,-2.3566952865725375
1584,0.26273385,0.8849027,-2.245861479267885
1585,0.211342,0.8859619,-2.7689464280908878
1586,0.15678099,0.8777636,-2.7432004174697755
1587,0.18411711,0.8731168,-1.9534052232172958
1588,0.20540056,0.8808579,-2.254763404258729
1589,0.15169123,0.8728203,-1.7803801094902427
1590,0.048699938,0.90846074,-1.5436545692297277
1591,0.06896838,0.913264,-0.14208772863606328
1592,-0.07892362,0.9722223,-0.06310362525663275
1593,-0.17165366,1.0529277,-0.08883500233982962
1594,-0.18168357,1.0748304,0.06265207574948349
1595,-0.076203264,1.0839493,-0.15873713650367782
1596,0.04161974,1.0474399,-0.20944673089306542
1597,0.13704953,1.0226204,-0.062069474451305895
1598,0.22061816,1.0074171,-0.1286041160002998
1599,0.2705131,0.999674,-0.39701227265250516
1600,0.31883267,0.9997985,-0.3492263092633592
1601,0.36408934,1.0027828,-0.4801134645777047
1602,0.3775933,1.0006446,-0.5890229518280548
1603,0.37913212,0.99912035,-1.3475769632748809
1604,0.38714948,0.997491,-0.5748111776507848
1605,0.37888566,1.0060809,-0.4131877518796655
1606,0.30985865,1.0287791,-0.6284982929751177
1607,0.21923336,1.0474046,-0.5774967280535305
1608,0.21898869,1.0627544,-0.8904189590903151
1609,0.2645251,1.0358785,-0.6993412437458593
1610,0.28193143,1.020141,-0.9077313278985776
1611,0.2829928,1.0144863,-1.1080174968125969
1612,0.28183082,1.0038577,-0.9383743860324179
