round_epochs,loss,mse,mae,val_loss,val_mse,val_mae,conv_filter,conv_kernel,conv_activation,dilation_rate,dropout_rate,dense_dim,dense_activation,batch_size,epochs,optimizer,lr
5,0.028751153498888016,0.028751153498888016,0.119493767619133,0.018758270889520645,0.018758270889520645,0.09621090441942215,16,5,relu,1,0.0,32,relu,256,5,adam,0.001
5,0.04279612377285957,0.04279612377285957,0.15319859981536865,0.03393513709306717,0.03393513709306717,0.13858865201473236,16,5,relu,1,0.0,32,relu,256,5,adam,0.0001
5,0.03438664600253105,0.03438664600253105,0.13355675339698792,0.024440601468086243,0.024440601468086243,0.11334877461194992,16,5,relu,1,0.0,32,relu,256,5,adam,1e-05
5,0.011789820156991482,0.011789820156991482,0.06584435701370239,0.00618398142978549,0.00618398142978549,0.04574364796280861,16,5,relu,1,0.0,64,relu,256,5,adam,0.001
5,0.03545030951499939,0.03545030951499939,0.1370934247970581,0.027521591633558273,0.027521591633558273,0.12267664819955826,16,5,relu,1,0.0,64,relu,256,5,adam,0.0001
5,0.03246055170893669,0.03246055170893669,0.13096772134304047,0.022613201290369034,0.022613201290369034,0.11135154217481613,16,5,relu,1,0.0,64,relu,256,5,adam,1e-05
5,0.05224084109067917,0.05224084109067917,0.17227786779403687,0.04262196645140648,0.04262196645140648,0.1590801626443863,16,5,relu,1,0.05,32,relu,256,5,adam,0.001
5,0.045351993292570114,0.045351993292570114,0.1587361842393875,0.034968048334121704,0.034968048334121704,0.1423197090625763,16,5,relu,1,0.05,32,relu,256,5,adam,0.0001
5,0.032285917550325394,0.032285917550325394,0.12748701870441437,0.022059045732021332,0.022059045732021332,0.10508894175291061,16,5,relu,1,0.05,32,relu,256,5,adam,1e-05
5,0.024827608838677406,0.024827608838677406,0.10832634568214417,0.016106436029076576,0.016106436029076576,0.08633000403642654,16,5,relu,1,0.05,64,relu,256,5,adam,0.001
5,0.035671036690473557,0.035671036690473557,0.1385606825351715,0.029159588739275932,0.029159588739275932,0.12715791165828705,16,5,relu,1,0.05,64,relu,256,5,adam,0.0001
5,0.015835801139473915,0.015835801139473915,0.07899605482816696,0.00955150742083788,0.00955150742083788,0.060450296849012375,16,5,relu,1,0.05,64,relu,256,5,adam,1e-05
5,0.03751014918088913,0.03751014918088913,0.14067859947681427,0.02756008878350258,0.02756008878350258,0.12147057801485062,16,5,relu,1,0.1,32,relu,256,5,adam,0.001
5,0.045467477291822433,0.045467477291822433,0.15709400177001953,0.035452160984277725,0.035452160984277725,0.14018084108829498,16,5,relu,1,0.1,32,relu,256,5,adam,0.0001
5,0.033253077417612076,0.033253077417612076,0.12996521592140198,0.024147814139723778,0.024147814139723778,0.11149708926677704,16,5,relu,1,0.1,32,relu,256,5,adam,1e-05
5,0.043405454605817795,0.043405454605817795,0.1546650379896164,0.033840976655483246,0.033840976655483246,0.1390676349401474,16,5,relu,1,0.1,64,relu,256,5,adam,0.001
5,0.0314808152616024,0.0314808152616024,0.12654182314872742,0.0236058309674263,0.0236058309674263,0.11200180649757385,16,5,relu,1,0.1,64,relu,256,5,adam,0.0001
5,0.028073636814951897,0.028073636814951897,0.11864148080348969,0.020673047751188278,0.020673047751188278,0.10231898725032806,16,5,relu,1,0.1,64,relu,256,5,adam,1e-05
5,0.03480856865644455,0.03480856865644455,0.1348588466644287,0.02549625188112259,0.02549625188112259,0.11722458899021149,16,5,relu,4,0.0,32,relu,256,5,adam,0.001
5,0.039900027215480804,0.039900027215480804,0.1468735635280609,0.031299397349357605,0.031299397349357605,0.13195163011550903,16,5,relu,4,0.0,32,relu,256,5,adam,0.0001
5,0.01128487940877676,0.01128487940877676,0.06583845615386963,0.004635225981473923,0.004635225981473923,0.039561063051223755,16,5,relu,4,0.0,32,relu,256,5,adam,1e-05
5,0.01690702885389328,0.01690702885389328,0.08321265131235123,0.00871956441551447,0.00871956441551447,0.05775970220565796,16,5,relu,4,0.0,64,relu,256,5,adam,0.001
5,0.02130892314016819,0.02130892314016819,0.09757043421268463,0.013234863057732582,0.013234863057732582,0.07513793557882309,16,5,relu,4,0.0,64,relu,256,5,adam,0.0001
5,0.02080678381025791,0.02080678381025791,0.09687793254852295,0.01396303903311491,0.01396303903311491,0.07959335297346115,16,5,relu,4,0.0,64,relu,256,5,adam,1e-05
5,0.03492942079901695,0.03492942079901695,0.13506600260734558,0.02594371698796749,0.02594371698796749,0.11773936450481415,16,5,relu,4,0.05,32,relu,256,5,adam,0.001
5,0.0172259658575058,0.0172259658575058,0.0822800025343895,0.008575920946896076,0.008575920946896076,0.05538531392812729,16,5,relu,4,0.05,32,relu,256,5,adam,0.0001
5,0.030089570209383965,0.030089570209383965,0.12208537012338638,0.020982377231121063,0.020982377231121063,0.10174018144607544,16,5,relu,4,0.05,32,relu,256,5,adam,1e-05
5,0.023939725011587143,0.023939725011587143,0.10732526332139969,0.017517484724521637,0.017517484724521637,0.09397497028112411,16,5,relu,4,0.05,64,relu,256,5,adam,0.001
5,0.033352140337228775,0.033352140337228775,0.13192136585712433,0.023685989901423454,0.023685989901423454,0.1110159233212471,16,5,relu,4,0.05,64,relu,256,5,adam,0.0001
5,0.02923954650759697,0.02923954650759697,0.12040988355875015,0.020144781097769737,0.020144781097769737,0.10068514943122864,16,5,relu,4,0.05,64,relu,256,5,adam,1e-05
5,0.02534657157957554,0.02534657157957554,0.11050067096948624,0.016244685277342796,0.016244685277342796,0.08913098275661469,16,5,relu,4,0.1,32,relu,256,5,adam,0.001
5,0.02833588980138302,0.02833588980138302,0.11735481768846512,0.019161751493811607,0.019161751493811607,0.09736775606870651,16,5,relu,4,0.1,32,relu,256,5,adam,0.0001
5,0.02020362578332424,0.02020362578332424,0.0930175930261612,0.013313425704836845,0.013313425704836845,0.0738467127084732,16,5,relu,4,0.1,32,relu,256,5,adam,1e-05
5,0.045594774186611176,0.045594774186611176,0.1595459282398224,0.034755997359752655,0.034755997359752655,0.14308126270771027,16,5,relu,4,0.1,64,relu,256,5,adam,0.001
5,0.03785981237888336,0.03785981237888336,0.14315077662467957,0.0276444423943758,0.0276444423943758,0.12444356083869934,16,5,relu,4,0.1,64,relu,256,5,adam,0.0001
5,0.017074674367904663,0.017074674367904663,0.08423305302858353,0.009828115813434124,0.009828115813434124,0.06339243054389954,16,5,relu,4,0.1,64,relu,256,5,adam,1e-05
5,0.04520697891712189,0.04520697891712189,0.15854936838150024,0.03613647073507309,0.03613647073507309,0.1436673402786255,16,5,relu,8,0.0,32,relu,256,5,adam,0.001
5,0.030483098700642586,0.030483098700642586,0.12388495355844498,0.021678850054740906,0.021678850054740906,0.10431338846683502,16,5,relu,8,0.0,32,relu,256,5,adam,0.0001
5,0.04070737212896347,0.04070737212896347,0.14963404834270477,0.030682431533932686,0.030682431533932686,0.1323559433221817,16,5,relu,8,0.0,32,relu,256,5,adam,1e-05
5,0.04265100136399269,0.04265100136399269,0.15316976606845856,0.03257275000214577,0.03257275000214577,0.13588586449623108,16,5,relu,8,0.0,64,relu,256,5,adam,0.001
5,0.019706660881638527,0.019706660881638527,0.09120927006006241,0.011522917076945305,0.011522917076945305,0.06790591776371002,16,5,relu,8,0.0,64,relu,256,5,adam,0.0001
5,0.04246162250638008,0.04246162250638008,0.1517278403043747,0.03194886073470116,0.03194886073470116,0.13393928110599518,16,5,relu,8,0.0,64,relu,256,5,adam,1e-05
5,0.05105172470211983,0.05105172470211983,0.16857600212097168,0.04125266522169113,0.04125266522169113,0.15444467961788177,16,5,relu,8,0.05,32,relu,256,5,adam,0.001
5,0.009952389635145664,0.009952389635145664,0.05800970271229744,0.005111411679536104,0.005111411679536104,0.043226517736911774,16,5,relu,8,0.05,32,relu,256,5,adam,0.0001
5,0.0325794480741024,0.0325794480741024,0.1304575502872467,0.02203339897096157,0.02203339897096157,0.10852568596601486,16,5,relu,8,0.05,32,relu,256,5,adam,1e-05
5,0.023352844640612602,0.023352844640612602,0.10528699308633804,0.01322904508560896,0.01322904508560896,0.07957294583320618,16,5,relu,8,0.05,64,relu,256,5,adam,0.001
5,0.026722077280282974,0.026722077280282974,0.11459168791770935,0.017913034185767174,0.017913034185767174,0.09337537735700607,16,5,relu,8,0.05,64,relu,256,5,adam,0.0001
5,0.03853900730609894,0.03853900730609894,0.1443551480770111,0.02893397957086563,0.02893397957086563,0.12733368575572968,16,5,relu,8,0.05,64,relu,256,5,adam,1e-05
5,0.025438979268074036,0.025438979268074036,0.11055483669042587,0.014291276223957539,0.014291276223957539,0.08266951888799667,16,5,relu,8,0.1,32,relu,256,5,adam,0.001
5,0.019598474726080894,0.019598474726080894,0.09446103125810623,0.011141804046928883,0.011141804046928883,0.07077339291572571,16,5,relu,8,0.1,32,relu,256,5,adam,0.0001
5,0.012734734453260899,0.012734734453260899,0.06879748404026031,0.00668670330196619,0.00668670330196619,0.048185672610998154,16,5,relu,8,0.1,32,relu,256,5,adam,1e-05
5,0.03214409202337265,0.03214409202337265,0.12866942584514618,0.023961421102285385,0.023961421102285385,0.11270331591367722,16,5,relu,8,0.1,64,relu,256,5,adam,0.001
5,0.008764119818806648,0.008764119818806648,0.05381397902965546,0.004121724981814623,0.004121724981814623,0.040214937180280685,16,5,relu,8,0.1,64,relu,256,5,adam,0.0001
5,0.040492936968803406,0.040492936968803406,0.14829617738723755,0.031693410128355026,0.031693410128355026,0.13325804471969604,16,5,relu,8,0.1,64,relu,256,5,adam,1e-05
5,0.019583839923143387,0.019583839923143387,0.09334687888622284,0.013132202439010143,0.013132202439010143,0.07526016235351562,16,7,relu,1,0.0,32,relu,256,5,adam,0.001
5,0.03724902123212814,0.03724902123212814,0.14137084782123566,0.027883177623152733,0.027883177623152733,0.12444858998060226,16,7,relu,1,0.0,32,relu,256,5,adam,0.0001
5,0.020417550578713417,0.020417550578713417,0.09471189230680466,0.013308722525835037,0.013308722525835037,0.07700900733470917,16,7,relu,1,0.0,32,relu,256,5,adam,1e-05
5,0.028390755876898766,0.028390755876898766,0.11931034177541733,0.02143453061580658,0.02143453061580658,0.10500025004148483,16,7,relu,1,0.0,64,relu,256,5,adam,0.001
5,0.020684896036982536,0.020684896036982536,0.09471364319324493,0.011767944321036339,0.011767944321036339,0.07001487910747528,16,7,relu,1,0.0,64,relu,256,5,adam,0.0001
5,0.03036387637257576,0.03036387637257576,0.1263885796070099,0.02009008824825287,0.02009008824825287,0.10356603562831879,16,7,relu,1,0.0,64,relu,256,5,adam,1e-05
5,0.03456834331154823,0.03456834331154823,0.13325636088848114,0.025187255814671516,0.025187255814671516,0.11471793800592422,16,7,relu,1,0.05,32,relu,256,5,adam,0.001
5,0.028866054490208626,0.028866054490208626,0.1181650385260582,0.019327213987708092,0.019327213987708092,0.09546669572591782,16,7,relu,1,0.05,32,relu,256,5,adam,0.0001
5,0.037483762949705124,0.037483762949705124,0.13916876912117004,0.026684731245040894,0.026684731245040894,0.1191590279340744,16,7,relu,1,0.05,32,relu,256,5,adam,1e-05
5,0.04375896602869034,0.04375896602869034,0.15520891547203064,0.03463372960686684,0.03463372960686684,0.14050766825675964,16,7,relu,1,0.05,64,relu,256,5,adam,0.001
5,0.029575197026133537,0.029575197026133537,0.12053347378969193,0.01991657353937626,0.01991657353937626,0.09886326640844345,16,7,relu,1,0.05,64,relu,256,5,adam,0.0001
5,0.009393062442541122,0.009393062442541122,0.0628984272480011,0.004278789274394512,0.004278789274394512,0.04742743819952011,16,7,relu,1,0.05,64,relu,256,5,adam,1e-05
5,0.010208922438323498,0.010208922438323498,0.06012231484055519,0.004134816583245993,0.004134816583245993,0.04021257534623146,16,7,relu,1,0.1,32,relu,256,5,adam,0.001
5,0.03819236904382706,0.03819236904382706,0.14245440065860748,0.028195450082421303,0.028195450082421303,0.12458746135234833,16,7,relu,1,0.1,32,relu,256,5,adam,0.0001
5,0.021286603063344955,0.021286603063344955,0.09801536053419113,0.014518649317324162,0.014518649317324162,0.0818931832909584,16,7,relu,1,0.1,32,relu,256,5,adam,1e-05
5,0.02139221876859665,0.02139221876859665,0.09777379781007767,0.01273272093385458,0.01273272093385458,0.0755007192492485,16,7,relu,1,0.1,64,relu,256,5,adam,0.001
5,0.020876742899417877,0.020876742899417877,0.09617945551872253,0.011905357241630554,0.011905357241630554,0.07240323722362518,16,7,relu,1,0.1,64,relu,256,5,adam,0.0001
5,0.03392554447054863,0.03392554447054863,0.1344379335641861,0.024335434660315514,0.024335434660315514,0.11641755700111389,16,7,relu,1,0.1,64,relu,256,5,adam,1e-05
5,0.027891868725419044,0.027891868725419044,0.1166984960436821,0.020189717411994934,0.020189717411994934,0.10024137794971466,16,7,relu,4,0.0,32,relu,256,5,adam,0.001
5,0.013096924871206284,0.013096924871206284,0.07193776965141296,0.0070454636588692665,0.0070454636588692665,0.05135232210159302,16,7,relu,4,0.0,32,relu,256,5,adam,0.0001
5,0.0395842120051384,0.0395842120051384,0.14697784185409546,0.030186012387275696,0.030186012387275696,0.13031192123889923,16,7,relu,4,0.0,32,relu,256,5,adam,1e-05
5,0.04495903477072716,0.04495903477072716,0.1580054759979248,0.03397807478904724,0.03397807478904724,0.1397055983543396,16,7,relu,4,0.0,64,relu,256,5,adam,0.001
5,0.047024406492710114,0.047024406492710114,0.16212697327136993,0.038574520498514175,0.038574520498514175,0.14993414282798767,16,7,relu,4,0.0,64,relu,256,5,adam,0.0001
5,0.04944361746311188,0.04944361746311188,0.1671375185251236,0.040716562420129776,0.040716562420129776,0.15499086678028107,16,7,relu,4,0.0,64,relu,256,5,adam,1e-05
5,0.044170573353767395,0.044170573353767395,0.15690608322620392,0.03475577011704445,0.03475577011704445,0.1422785371541977,16,7,relu,4,0.05,32,relu,256,5,adam,0.001
5,0.019798830151557922,0.019798830151557922,0.09263250976800919,0.010678566992282867,0.010678566992282867,0.0684664398431778,16,7,relu,4,0.05,32,relu,256,5,adam,0.0001
5,0.038074251264333725,0.038074251264333725,0.14389380812644958,0.027954207733273506,0.027954207733273506,0.12620501220226288,16,7,relu,4,0.05,32,relu,256,5,adam,1e-05
5,0.024734489619731903,0.024734489619731903,0.10618800669908524,0.015247809700667858,0.015247809700667858,0.08481922000646591,16,7,relu,4,0.05,64,relu,256,5,adam,0.001
5,0.023516137152910233,0.023516137152910233,0.10475170612335205,0.01451603602617979,0.01451603602617979,0.081458181142807,16,7,relu,4,0.05,64,relu,256,5,adam,0.0001
5,0.021330319344997406,0.021330319344997406,0.09598853439092636,0.011974993161857128,0.011974993161857128,0.06874704360961914,16,7,relu,4,0.05,64,relu,256,5,adam,1e-05
5,0.03186536580324173,0.03186536580324173,0.12690287828445435,0.02322806790471077,0.02322806790471077,0.10914881527423859,16,7,relu,4,0.1,32,relu,256,5,adam,0.001
5,0.027914855629205704,0.027914855629205704,0.11802128702402115,0.020428651943802834,0.020428651943802834,0.10243549942970276,16,7,relu,4,0.1,32,relu,256,5,adam,0.0001
5,0.034213580191135406,0.034213580191135406,0.13373100757598877,0.023672614246606827,0.023672614246606827,0.11113308370113373,16,7,relu,4,0.1,32,relu,256,5,adam,1e-05
5,0.027295399457216263,0.027295399457216263,0.11648315191268921,0.018859658390283585,0.018859658390283585,0.09827721863985062,16,7,relu,4,0.1,64,relu,256,5,adam,0.001
5,0.028513723984360695,0.028513723984360695,0.11950185149908066,0.018784310668706894,0.018784310668706894,0.09773086756467819,16,7,relu,4,0.1,64,relu,256,5,adam,0.0001
5,0.018648065626621246,0.018648065626621246,0.08870305866003036,0.01005403883755207,0.01005403883755207,0.06414740532636642,16,7,relu,4,0.1,64,relu,256,5,adam,1e-05
5,0.037144735455513,0.037144735455513,0.1413848102092743,0.027961844578385353,0.027961844578385353,0.12460000067949295,16,7,relu,8,0.0,32,relu,256,5,adam,0.001
5,0.03538118302822113,0.03538118302822113,0.13589376211166382,0.0245501846075058,0.0245501846075058,0.11343442648649216,16,7,relu,8,0.0,32,relu,256,5,adam,0.0001
5,0.031853802502155304,0.031853802502155304,0.12664227187633514,0.021643877029418945,0.021643877029418945,0.10384128242731094,16,7,relu,8,0.0,32,relu,256,5,adam,1e-05
5,0.040889181196689606,0.040889181196689606,0.14952950179576874,0.031044436618685722,0.031044436618685722,0.13238653540611267,16,7,relu,8,0.0,64,relu,256,5,adam,0.001
5,0.051020409911870956,0.051020409911870956,0.1685706079006195,0.041784387081861496,0.041784387081861496,0.15444253385066986,16,7,relu,8,0.0,64,relu,256,5,adam,0.0001
5,0.021241093054413795,0.021241093054413795,0.09676884114742279,0.012847861275076866,0.012847861275076866,0.07310827076435089,16,7,relu,8,0.0,64,relu,256,5,adam,1e-05
5,0.015376207418739796,0.015376207418739796,0.08019445091485977,0.009444259107112885,0.009444259107112885,0.0641338974237442,16,7,relu,8,0.05,32,relu,256,5,adam,0.001
5,0.03945595398545265,0.03945595398545265,0.14608687162399292,0.0319591648876667,0.0319591648876667,0.13335172832012177,16,7,relu,8,0.05,32,relu,256,5,adam,0.0001
5,0.05090729519724846,0.05090729519724846,0.17034763097763062,0.042359061539173126,0.042359061539173126,0.1583465188741684,16,7,relu,8,0.05,32,relu,256,5,adam,1e-05
5,0.03872840851545334,0.03872840851545334,0.14545483887195587,0.027404652908444405,0.027404652908444405,0.12528181076049805,16,7,relu,8,0.05,64,relu,256,5,adam,0.001
5,0.0300799198448658,0.0300799198448658,0.12372806668281555,0.020811013877391815,0.020811013877391815,0.10413755476474762,16,7,relu,8,0.05,64,relu,256,5,adam,0.0001
5,0.05434222146868706,0.05434222146868706,0.17623646557331085,0.04600609838962555,0.04600609838962555,0.1654784232378006,16,7,relu,8,0.05,64,relu,256,5,adam,1e-05
5,0.0398770309984684,0.0398770309984684,0.14675265550613403,0.030282778665423393,0.030282778665423393,0.12963497638702393,16,7,relu,8,0.1,32,relu,256,5,adam,0.001
5,0.029331540688872337,0.029331540688872337,0.12021966278553009,0.01862233504652977,0.01862233504652977,0.09666460007429123,16,7,relu,8,0.1,32,relu,256,5,adam,0.0001
5,0.02582220360636711,0.02582220360636711,0.1130816787481308,0.018207557499408722,0.018207557499408722,0.09549955278635025,16,7,relu,8,0.1,32,relu,256,5,adam,1e-05
5,0.05202888324856758,0.05202888324856758,0.17200453579425812,0.042658571153879166,0.042658571153879166,0.15874965488910675,16,7,relu,8,0.1,64,relu,256,5,adam,0.001
5,0.015521581284701824,0.015521581284701824,0.07838389277458191,0.008589725941419601,0.008589725941419601,0.05701714754104614,16,7,relu,8,0.1,64,relu,256,5,adam,0.0001
5,0.04714124649763107,0.04714124649763107,0.16194584965705872,0.03582948446273804,0.03582948446273804,0.14533114433288574,16,7,relu,8,0.1,64,relu,256,5,adam,1e-05
5,0.03240382298827171,0.03240382298827171,0.1285400390625,0.02345629595220089,0.02345629595220089,0.11008820682764053,32,5,relu,1,0.0,32,relu,256,5,adam,0.001
5,0.02401900850236416,0.02401900850236416,0.10741448402404785,0.017185702919960022,0.017185702919960022,0.09089960157871246,32,5,relu,1,0.0,32,relu,256,5,adam,0.0001
5,0.03803700953722,0.03803700953722,0.14300279319286346,0.029045570641756058,0.029045570641756058,0.12784230709075928,32,5,relu,1,0.0,32,relu,256,5,adam,1e-05
5,0.04209659993648529,0.04209659993648529,0.1508491337299347,0.03368590027093887,0.03368590027093887,0.13651515543460846,32,5,relu,1,0.0,64,relu,256,5,adam,0.001
5,0.01781173050403595,0.01781173050403595,0.08557619154453278,0.009919824078679085,0.009919824078679085,0.060489632189273834,32,5,relu,1,0.0,64,relu,256,5,adam,0.0001
5,0.030553342774510384,0.030553342774510384,0.12394775450229645,0.021759701892733574,0.021759701892733574,0.10699465125799179,32,5,relu,1,0.0,64,relu,256,5,adam,1e-05
5,0.01622062548995018,0.01622062548995018,0.07964377105236053,0.007996967993676662,0.007996967993676662,0.05319149047136307,32,5,relu,1,0.05,32,relu,256,5,adam,0.001
5,0.03229165077209473,0.03229165077209473,0.12945179641246796,0.02476116456091404,0.02476116456091404,0.1141112670302391,32,5,relu,1,0.05,32,relu,256,5,adam,0.0001
5,0.014464108273386955,0.014464108273386955,0.07465793192386627,0.00843053124845028,0.00843053124845028,0.05522555112838745,32,5,relu,1,0.05,32,relu,256,5,adam,1e-05
5,0.02959570102393627,0.02959570102393627,0.12398063391447067,0.020922714844346046,0.020922714844346046,0.1067027598619461,32,5,relu,1,0.05,64,relu,256,5,adam,0.001
5,0.04900333657860756,0.04900333657860756,0.166451096534729,0.03969474881887436,0.03969474881887436,0.1523703634738922,32,5,relu,1,0.05,64,relu,256,5,adam,0.0001
5,0.034990713000297546,0.034990716725587845,0.13600313663482666,0.025122346356511116,0.025122346356511116,0.11685764044523239,32,5,relu,1,0.05,64,relu,256,5,adam,1e-05
5,0.04517741501331329,0.04517741501331329,0.15824975073337555,0.0353219136595726,0.0353219136595726,0.14213651418685913,32,5,relu,1,0.1,32,relu,256,5,adam,0.001
5,0.03396869823336601,0.03396869823336601,0.13287055492401123,0.02523075044155121,0.02523075044155121,0.11685360968112946,32,5,relu,1,0.1,32,relu,256,5,adam,0.0001
5,0.03067191317677498,0.03067191317677498,0.12531301379203796,0.021989719942212105,0.021989719942212105,0.10763279348611832,32,5,relu,1,0.1,32,relu,256,5,adam,1e-05
5,0.03560216724872589,0.03560216724872589,0.136518657207489,0.025335215032100677,0.025335215032100677,0.11708080768585205,32,5,relu,1,0.1,64,relu,256,5,adam,0.001
5,0.045511215925216675,0.045511215925216675,0.15962781012058258,0.036731474101543427,0.036731474101543427,0.1459582895040512,32,5,relu,1,0.1,64,relu,256,5,adam,0.0001
5,0.02950340136885643,0.02950340136885643,0.1229342594742775,0.01875097118318081,0.01875097118318081,0.09985516220331192,32,5,relu,1,0.1,64,relu,256,5,adam,1e-05
5,0.01849682442843914,0.01849682442843914,0.08964917063713074,0.009874626994132996,0.009874626994132996,0.06405815482139587,32,5,relu,4,0.0,32,relu,256,5,adam,0.001
5,0.04704006016254425,0.04704006016254425,0.16082517802715302,0.0367717407643795,0.0367717407643795,0.14496028423309326,32,5,relu,4,0.0,32,relu,256,5,adam,0.0001
5,0.016525153070688248,0.016525153070688248,0.0817563533782959,0.009239660575985909,0.009239660575985909,0.05955177918076515,32,5,relu,4,0.0,32,relu,256,5,adam,1e-05
5,0.025160547345876694,0.025160547345876694,0.10951956361532211,0.016328634694218636,0.016328634694218636,0.08826547861099243,32,5,relu,4,0.0,64,relu,256,5,adam,0.001
5,0.015547157265245914,0.015547157265245914,0.07792486995458603,0.008284680545330048,0.008284680545330048,0.05606360733509064,32,5,relu,4,0.0,64,relu,256,5,adam,0.0001
5,0.024677978828549385,0.024677978828549385,0.10956160724163055,0.016490783542394638,0.016490783542394638,0.0891226977109909,32,5,relu,4,0.0,64,relu,256,5,adam,1e-05
5,0.03125210478901863,0.03125210478901863,0.1260797530412674,0.02153344638645649,0.02153344638645649,0.10634532570838928,32,5,relu,4,0.05,32,relu,256,5,adam,0.001
5,0.019003013148903847,0.019003013148903847,0.09036315977573395,0.013387666083872318,0.013387666083872318,0.07781974226236343,32,5,relu,4,0.05,32,relu,256,5,adam,0.0001
5,0.04698069021105766,0.04698069021105766,0.16216892004013062,0.038047611713409424,0.038047611713409424,0.14809007942676544,32,5,relu,4,0.05,32,relu,256,5,adam,1e-05
5,0.027066128328442574,0.027066128328442574,0.11561118066310883,0.01789969950914383,0.01789969950914383,0.09348329156637192,32,5,relu,4,0.05,64,relu,256,5,adam,0.001
5,0.050526805222034454,0.050526805222034454,0.16910864412784576,0.040922001004219055,0.040922001004219055,0.15508697926998138,32,5,relu,4,0.05,64,relu,256,5,adam,0.0001
5,0.04809972643852234,0.04809972643852234,0.16463720798492432,0.03846972435712814,0.03846972435712814,0.1501583307981491,32,5,relu,4,0.05,64,relu,256,5,adam,1e-05
5,0.034870609641075134,0.034870609641075134,0.13447825610637665,0.024384761229157448,0.024384761229157448,0.11400380730628967,32,5,relu,4,0.1,32,relu,256,5,adam,0.001
5,0.027823317795991898,0.027823317795991898,0.11746244877576828,0.019905872642993927,0.019905872642993927,0.09974221140146255,32,5,relu,4,0.1,32,relu,256,5,adam,0.0001
5,0.012039653956890106,0.012039653956890106,0.06420007348060608,0.005688041914254427,0.005688041914254427,0.04233567789196968,32,5,relu,4,0.1,32,relu,256,5,adam,1e-05
5,0.013924802653491497,0.013924802653491497,0.07087419182062149,0.0073129055090248585,0.0073129055090248585,0.05095195025205612,32,5,relu,4,0.1,64,relu,256,5,adam,0.001
5,0.01726393587887287,0.01726393587887287,0.0807238519191742,0.009716817177832127,0.009716817177832127,0.06106081232428551,32,5,relu,4,0.1,64,relu,256,5,adam,0.0001
5,0.041807834059000015,0.041807834059000015,0.15092593431472778,0.031857214868068695,0.031857214868068695,0.13419701159000397,32,5,relu,4,0.1,64,relu,256,5,adam,1e-05
5,0.04219865798950195,0.04219865798950195,0.15196570754051208,0.031593769788742065,0.031593769788742065,0.13392291963100433,32,5,relu,8,0.0,32,relu,256,5,adam,0.001
5,0.027580633759498596,0.027580633759498596,0.11748374253511429,0.017845384776592255,0.017845384776592255,0.09531069546937943,32,5,relu,8,0.0,32,relu,256,5,adam,0.0001
5,0.04295501485466957,0.04295501485466957,0.15385375916957855,0.033807381987571716,0.033807381987571716,0.13872607052326202,32,5,relu,8,0.0,32,relu,256,5,adam,1e-05
5,0.03253520280122757,0.03253520280122757,0.12957581877708435,0.023112252354621887,0.023112252354621887,0.11033628135919571,32,5,relu,8,0.0,64,relu,256,5,adam,0.001
5,0.026277676224708557,0.026277676224708557,0.1110120490193367,0.016203004866838455,0.016203004866838455,0.0872383862733841,32,5,relu,8,0.0,64,relu,256,5,adam,0.0001
5,0.054548170417547226,0.054548170417547226,0.17675885558128357,0.04555831104516983,0.04555831104516983,0.16495129466056824,32,5,relu,8,0.0,64,relu,256,5,adam,1e-05
5,0.04208175092935562,0.04208175092935562,0.1518881618976593,0.033636778593063354,0.033636778593063354,0.13820123672485352,32,5,relu,8,0.05,32,relu,256,5,adam,0.001
5,0.03247179836034775,0.03247179836034775,0.1297135353088379,0.0227971114218235,0.0227971114218235,0.11036801338195801,32,5,relu,8,0.05,32,relu,256,5,adam,0.0001
5,0.012168564833700657,0.012168564833700657,0.0646093413233757,0.00564059941098094,0.00564059941098094,0.04173973575234413,32,5,relu,8,0.05,32,relu,256,5,adam,1e-05
5,0.03661961480975151,0.03661961480975151,0.13906048238277435,0.026419594883918762,0.026419594883918762,0.11928712576627731,32,5,relu,8,0.05,64,relu,256,5,adam,0.001
5,0.0355035774409771,0.0355035774409771,0.13638721406459808,0.02533874660730362,0.02533874660730362,0.1168634295463562,32,5,relu,8,0.05,64,relu,256,5,adam,0.0001
5,0.019007351249456406,0.019007351249456406,0.08954814821481705,0.011749067343771458,0.011749067343771458,0.0695352852344513,32,5,relu,8,0.05,64,relu,256,5,adam,1e-05
5,0.027973491698503494,0.027973491698503494,0.11781395226716995,0.019164657220244408,0.019164657220244408,0.09835781902074814,32,5,relu,8,0.1,32,relu,256,5,adam,0.001
5,0.014869523234665394,0.014869523234665394,0.07380426675081253,0.007931889966130257,0.007931889966130257,0.05190929397940636,32,5,relu,8,0.1,32,relu,256,5,adam,0.0001
5,0.04858839884400368,0.04858839884400368,0.1658092588186264,0.03904223069548607,0.03904223069548607,0.15163561701774597,32,5,relu,8,0.1,32,relu,256,5,adam,1e-05
5,0.015394501388072968,0.015394501388072968,0.07801125198602676,0.008538713678717613,0.008538713678717613,0.05562731623649597,32,5,relu,8,0.1,64,relu,256,5,adam,0.001
5,0.026798589155077934,0.026798589155077934,0.11329635232686996,0.014691210351884365,0.014691210351884365,0.08357550203800201,32,5,relu,8,0.1,64,relu,256,5,adam,0.0001
5,0.01823783852159977,0.01823783852159977,0.08995720744132996,0.01073193084448576,0.01073193084448576,0.0690837875008583,32,5,relu,8,0.1,64,relu,256,5,adam,1e-05
5,0.018194589763879776,0.018194589763879776,0.0870693102478981,0.009308900684118271,0.009308900684118271,0.06142101064324379,32,7,relu,1,0.0,32,relu,256,5,adam,0.001
5,0.010955142788589,0.010955142788589,0.06194709613919258,0.005137264728546143,0.005137264728546143,0.03956695646047592,32,7,relu,1,0.0,32,relu,256,5,adam,0.0001
5,0.022022372111678123,0.022022372111678123,0.10087164491415024,0.014833745546638966,0.014833745546638966,0.08292631804943085,32,7,relu,1,0.0,32,relu,256,5,adam,1e-05
5,0.022235266864299774,0.022235266864299774,0.10058560222387314,0.013570794835686684,0.013570794835686684,0.07799673080444336,32,7,relu,1,0.0,64,relu,256,5,adam,0.001
5,0.02649054117500782,0.02649054117500782,0.11388026922941208,0.01833338849246502,0.01833338849246502,0.09787711501121521,32,7,relu,1,0.0,64,relu,256,5,adam,0.0001
5,0.04048965126276016,0.04048965126276016,0.1482742875814438,0.030780373141169548,0.030780373141169548,0.13153627514839172,32,7,relu,1,0.0,64,relu,256,5,adam,1e-05
5,0.03680213540792465,0.03680213540792465,0.1398690640926361,0.026018528267741203,0.026018528267741203,0.1196788102388382,32,7,relu,1,0.05,32,relu,256,5,adam,0.001
5,0.030570724979043007,0.030570724979043007,0.12397664785385132,0.02113262191414833,0.02113262191414833,0.10327727347612381,32,7,relu,1,0.05,32,relu,256,5,adam,0.0001
5,0.03888397291302681,0.03888397291302681,0.14510232210159302,0.0309757050126791,0.0309757050126791,0.13081273436546326,32,7,relu,1,0.05,32,relu,256,5,adam,1e-05
5,0.021510034799575806,0.021510034799575806,0.09678641706705093,0.013323928229510784,0.013323928229510784,0.07766921818256378,32,7,relu,1,0.05,64,relu,256,5,adam,0.001
5,0.02609342895448208,0.02609342895448208,0.11314108967781067,0.01880766823887825,0.01880766823887825,0.09648410230875015,32,7,relu,1,0.05,64,relu,256,5,adam,0.0001
5,0.018459241837263107,0.018459241837263107,0.08767471462488174,0.008411884307861328,0.008411884307861328,0.05607876926660538,32,7,relu,1,0.05,64,relu,256,5,adam,1e-05
5,0.03738289326429367,0.03738289326429367,0.1426924616098404,0.026435496285557747,0.026435496285557747,0.12108879536390305,32,7,relu,1,0.1,32,relu,256,5,adam,0.001
5,0.021496420726180077,0.021496420726180077,0.09802290797233582,0.012438501231372356,0.012438501231372356,0.07436174154281616,32,7,relu,1,0.1,32,relu,256,5,adam,0.0001
5,0.03616815432906151,0.03616815432906151,0.13862840831279755,0.029018398374319077,0.029018398374319077,0.12751074135303497,32,7,relu,1,0.1,32,relu,256,5,adam,1e-05
5,0.04048201069235802,0.04048201069235802,0.14803269505500793,0.03151917830109596,0.03151917830109596,0.13224412500858307,32,7,relu,1,0.1,64,relu,256,5,adam,0.001
5,0.04273625835776329,0.04273625835776329,0.15396250784397125,0.03401520848274231,0.03401520848274231,0.14085721969604492,32,7,relu,1,0.1,64,relu,256,5,adam,0.0001
5,0.04212946072220802,0.04212946072220802,0.15153804421424866,0.032223787158727646,0.032223787158727646,0.1345439851284027,32,7,relu,1,0.1,64,relu,256,5,adam,1e-05
5,0.0413840226829052,0.0413840226829052,0.15108706057071686,0.030866427347064018,0.030866427347064018,0.13262517750263214,32,7,relu,4,0.0,32,relu,256,5,adam,0.001
5,0.01736087165772915,0.01736087165772915,0.08547233045101166,0.009455550462007523,0.009455550462007523,0.05906382575631142,32,7,relu,4,0.0,32,relu,256,5,adam,0.0001
5,0.038480889052152634,0.038480889052152634,0.1441722959280014,0.028224000707268715,0.028224000707268715,0.12632186710834503,32,7,relu,4,0.0,32,relu,256,5,adam,1e-05
5,0.030167393386363983,0.030167393386363983,0.12410926073789597,0.022489337250590324,0.022489337250590324,0.10882873833179474,32,7,relu,4,0.0,64,relu,256,5,adam,0.001
5,0.03320145606994629,0.03320145606994629,0.13203804194927216,0.024920564144849777,0.024920564144849777,0.1153562068939209,32,7,relu,4,0.0,64,relu,256,5,adam,0.0001
5,0.008905031718313694,0.008905031718313694,0.0548897311091423,0.003555858973413706,0.003555858973413706,0.03668845072388649,32,7,relu,4,0.0,64,relu,256,5,adam,1e-05
5,0.03269725292921066,0.03269725292921066,0.13083219528198242,0.024021996185183525,0.024021996185183525,0.11383496969938278,32,7,relu,4,0.05,32,relu,256,5,adam,0.001
5,0.03228328749537468,0.03228328749537468,0.128839373588562,0.024906227365136147,0.024906227365136147,0.11550795286893845,32,7,relu,4,0.05,32,relu,256,5,adam,0.0001
5,0.04141334444284439,0.04141334444284439,0.150831401348114,0.03143071010708809,0.03143071010708809,0.13316336274147034,32,7,relu,4,0.05,32,relu,256,5,adam,1e-05
5,0.02864159643650055,0.02864159643650055,0.11942939460277557,0.019538218155503273,0.019538218155503273,0.09952671825885773,32,7,relu,4,0.05,64,relu,256,5,adam,0.001
5,0.03292709216475487,0.03292709216475487,0.1283687949180603,0.02319617196917534,0.02319617196917534,0.10661296546459198,32,7,relu,4,0.05,64,relu,256,5,adam,0.0001
5,0.017818979918956757,0.017818979918956757,0.08443716913461685,0.011029382236301899,0.011029382236301899,0.06376015394926071,32,7,relu,4,0.05,64,relu,256,5,adam,1e-05
5,0.008268553763628006,0.008268553763628006,0.05535968020558357,0.003250356065109372,0.003250356065109372,0.036842696368694305,32,7,relu,4,0.1,32,relu,256,5,adam,0.001
5,0.018994828686118126,0.018994828686118126,0.0901980996131897,0.01256145816296339,0.01256145816296339,0.0727633684873581,32,7,relu,4,0.1,32,relu,256,5,adam,0.0001
5,0.023480312898755074,0.023480312898755074,0.10305292159318924,0.013579620979726315,0.013579620979726315,0.07646515965461731,32,7,relu,4,0.1,32,relu,256,5,adam,1e-05
5,0.04523098096251488,0.04523098096251488,0.15815503895282745,0.03610580414533615,0.03610580414533615,0.14354808628559113,32,7,relu,4,0.1,64,relu,256,5,adam,0.001
5,0.009409945458173752,0.009409945458173752,0.05684225261211395,0.0051403348334133625,0.0051403348334133625,0.0404307022690773,32,7,relu,4,0.1,64,relu,256,5,adam,0.0001
5,0.041443344205617905,0.041443344205617905,0.1511494517326355,0.0316850021481514,0.0316850021481514,0.1343429535627365,32,7,relu,4,0.1,64,relu,256,5,adam,1e-05
5,0.042237069457769394,0.042237069457769394,0.15184366703033447,0.03297131136059761,0.03297131136059761,0.13640177249908447,32,7,relu,8,0.0,32,relu,256,5,adam,0.001
5,0.034872885793447495,0.034872885793447495,0.13357621431350708,0.02235536091029644,0.02235536091029644,0.10716427862644196,32,7,relu,8,0.0,32,relu,256,5,adam,0.0001
5,0.011184432543814182,0.011184432543814182,0.06168084219098091,0.004734823014587164,0.004734823014587164,0.04126835986971855,32,7,relu,8,0.0,32,relu,256,5,adam,1e-05
5,0.039827022701501846,0.039827022701501846,0.14670543372631073,0.030508769676089287,0.030508769676089287,0.13003426790237427,32,7,relu,8,0.0,64,relu,256,5,adam,0.001
5,0.024537699297070503,0.024537699297070503,0.10892133414745331,0.017294764518737793,0.017294764518737793,0.09175965189933777,32,7,relu,8,0.0,64,relu,256,5,adam,0.0001
5,0.030803322792053223,0.030803322792053223,0.12319983541965485,0.018598752096295357,0.018598752096295357,0.09629181772470474,32,7,relu,8,0.0,64,relu,256,5,adam,1e-05
5,0.02418850176036358,0.02418850176036358,0.10618966072797775,0.013566785492002964,0.013566785492002964,0.07869571447372437,32,7,relu,8,0.05,32,relu,256,5,adam,0.001
5,0.044693756848573685,0.044693756848573685,0.1580033302307129,0.03495687618851662,0.03495687618851662,0.14292684197425842,32,7,relu,8,0.05,32,relu,256,5,adam,0.0001
5,0.035506721585989,0.035506721585989,0.13412435352802277,0.02649098075926304,0.02649098075926304,0.11541161686182022,32,7,relu,8,0.05,32,relu,256,5,adam,1e-05
5,0.010033025406301022,0.010033025406301022,0.05670979619026184,0.0035824107471853495,0.0035824107471853495,0.033718012273311615,32,7,relu,8,0.05,64,relu,256,5,adam,0.001
5,0.03385262191295624,0.03385262191295624,0.13393910229206085,0.025339581072330475,0.025339581072330475,0.11879206448793411,32,7,relu,8,0.05,64,relu,256,5,adam,0.0001
5,0.04448418691754341,0.04448418691754341,0.15749460458755493,0.03472744673490524,0.03472744673490524,0.14189711213111877,32,7,relu,8,0.05,64,relu,256,5,adam,1e-05
5,0.04012873396277428,0.04012873396277428,0.14802448451519012,0.029189184308052063,0.029189184308052063,0.12751629948616028,32,7,relu,8,0.1,32,relu,256,5,adam,0.001
5,0.015911513939499855,0.015911513939499855,0.07865861058235168,0.008816310204565525,0.008816310204565525,0.05621330812573433,32,7,relu,8,0.1,32,relu,256,5,adam,0.0001
5,0.018923185765743256,0.018923185765743256,0.08945662528276443,0.010731535032391548,0.010731535032391548,0.066471628844738,32,7,relu,8,0.1,32,relu,256,5,adam,1e-05
5,0.007050841581076384,0.007050841581076384,0.04905738681554794,0.0035203725565224886,0.0035203725565224886,0.035714197903871536,32,7,relu,8,0.1,64,relu,256,5,adam,0.001
5,0.02818879671394825,0.02818879671394825,0.11773300170898438,0.021525682881474495,0.021525682881474495,0.10530664026737213,32,7,relu,8,0.1,64,relu,256,5,adam,0.0001
5,0.035005878657102585,0.035005878657102585,0.13646788895130157,0.02718433365225792,0.02718433365225792,0.12222489714622498,32,7,relu,8,0.1,64,relu,256,5,adam,1e-05
5,0.03462168201804161,0.03462168201804161,0.13479416072368622,0.025829916819930077,0.025829916819930077,0.11724834144115448,64,5,relu,1,0.0,32,relu,256,5,adam,0.001
5,0.025561539456248283,0.025561539456248283,0.1097317710518837,0.01775200664997101,0.01775200664997101,0.0913839042186737,64,5,relu,1,0.0,32,relu,256,5,adam,0.0001
5,0.04202956706285477,0.04202956706285477,0.1522211879491806,0.032073840498924255,0.032073840498924255,0.13500195741653442,64,5,relu,1,0.0,32,relu,256,5,adam,1e-05
5,0.036734651774168015,0.036734651774168015,0.1388634294271469,0.027510633692145348,0.027510633692145348,0.12176914513111115,64,5,relu,1,0.0,64,relu,256,5,adam,0.001
5,0.009898104704916477,0.009898104704916477,0.05736589431762695,0.003791449125856161,0.0037914488930255175,0.03378581628203392,64,5,relu,1,0.0,64,relu,256,5,adam,0.0001
5,0.027673419564962387,0.027673419564962387,0.1158158928155899,0.01859891787171364,0.01859891787171364,0.09674199670553207,64,5,relu,1,0.0,64,relu,256,5,adam,1e-05
5,0.0315450020134449,0.0315450020134449,0.12775006890296936,0.022569237276911736,0.022569237276911736,0.10901610553264618,64,5,relu,1,0.05,32,relu,256,5,adam,0.001
5,0.05404771491885185,0.05404771491885185,0.17430269718170166,0.04319114610552788,0.04319114610552788,0.1594933271408081,64,5,relu,1,0.05,32,relu,256,5,adam,0.0001
5,0.040849246084690094,0.040849246084690094,0.14975489675998688,0.030451247468590736,0.030451247468590736,0.13157148659229279,64,5,relu,1,0.05,32,relu,256,5,adam,1e-05
5,0.020220454782247543,0.020220454782247543,0.09336443245410919,0.01252671517431736,0.01252671517431736,0.07517097145318985,64,5,relu,1,0.05,64,relu,256,5,adam,0.001
5,0.03510338440537453,0.03510338440537453,0.13632775843143463,0.02672366239130497,0.02672366239130497,0.11975352466106415,64,5,relu,1,0.05,64,relu,256,5,adam,0.0001
5,0.03954361006617546,0.03954361006617546,0.14705422520637512,0.029814371839165688,0.029814371839165688,0.12908697128295898,64,5,relu,1,0.05,64,relu,256,5,adam,1e-05
5,0.02230740711092949,0.02230740711092949,0.1032339558005333,0.012195920571684837,0.012195920571684837,0.07517184317111969,64,5,relu,1,0.1,32,relu,256,5,adam,0.001
5,0.02194003202021122,0.02194003202021122,0.10103011876344681,0.012000717222690582,0.012000717222690582,0.07316601276397705,64,5,relu,1,0.1,32,relu,256,5,adam,0.0001
5,0.05047052353620529,0.05047052353620529,0.16920654475688934,0.04082619026303291,0.04082619026303291,0.15555447340011597,64,5,relu,1,0.1,32,relu,256,5,adam,1e-05
5,0.050209611654281616,0.050209611654281616,0.16796576976776123,0.04106604680418968,0.04106604680418968,0.15510554611682892,64,5,relu,1,0.1,64,relu,256,5,adam,0.001
5,0.0462033785879612,0.0462033785879612,0.1602068990468979,0.03621697425842285,0.03621697425842285,0.1448291838169098,64,5,relu,1,0.1,64,relu,256,5,adam,0.0001
5,0.04848870262503624,0.04848870262503624,0.1653791069984436,0.039477307349443436,0.039477307349443436,0.15300250053405762,64,5,relu,1,0.1,64,relu,256,5,adam,1e-05
5,0.041017405688762665,0.041017405688762665,0.1499023735523224,0.031849510967731476,0.031849510967731476,0.135112464427948,64,5,relu,4,0.0,32,relu,256,5,adam,0.001
5,0.008329952135682106,0.008329952135682106,0.055970802903175354,0.003478480037301779,0.003478480037301779,0.03751270845532417,64,5,relu,4,0.0,32,relu,256,5,adam,0.0001
5,0.01233659964054823,0.01233659964054823,0.06508180499076843,0.006698370911180973,0.006698370911180973,0.047209128737449646,64,5,relu,4,0.0,32,relu,256,5,adam,1e-05
5,0.015699204057455063,0.015699204057455063,0.07517176121473312,0.008721713908016682,0.008721713908016682,0.05234986171126366,64,5,relu,4,0.0,64,relu,256,5,adam,0.001
5,0.009250069037079811,0.009250069037079811,0.05579498037695885,0.0046457392163574696,0.0046457392163574696,0.04245974123477936,64,5,relu,4,0.0,64,relu,256,5,adam,0.0001
5,0.04974057152867317,0.04974057152867317,0.16789034008979797,0.04066437855362892,0.04066437855362892,0.15474332869052887,64,5,relu,4,0.0,64,relu,256,5,adam,1e-05
5,0.008230643346905708,0.008230643346905708,0.0530727356672287,0.003985274117439985,0.003985274117439985,0.03637656942009926,64,5,relu,4,0.05,32,relu,256,5,adam,0.001
5,0.033501774072647095,0.033501774072647095,0.13264784216880798,0.023558512330055237,0.023558512330055237,0.1132013127207756,64,5,relu,4,0.05,32,relu,256,5,adam,0.0001
5,0.028357649222016335,0.028357649222016335,0.1176094338297844,0.01851269043982029,0.01851269043982029,0.09598582983016968,64,5,relu,4,0.05,32,relu,256,5,adam,1e-05
5,0.021771889179944992,0.021771889179944992,0.09715130180120468,0.012398967519402504,0.012398967519402504,0.07396983355283737,64,5,relu,4,0.05,64,relu,256,5,adam,0.001
5,0.049787960946559906,0.049787960946559906,0.16686274111270905,0.03940632939338684,0.03940632939338684,0.15132462978363037,64,5,relu,4,0.05,64,relu,256,5,adam,0.0001
5,0.01532096415758133,0.01532096415758133,0.07688427716493607,0.008482967503368855,0.008482967503368855,0.05529777333140373,64,5,relu,4,0.05,64,relu,256,5,adam,1e-05
5,0.04534054175019264,0.04534054175019264,0.158601313829422,0.036234334111213684,0.036234334111213684,0.1446320116519928,64,5,relu,4,0.1,32,relu,256,5,adam,0.001
5,0.03905940055847168,0.03905940055847168,0.14511285722255707,0.02907036617398262,0.02907036617398262,0.12783394753932953,64,5,relu,4,0.1,32,relu,256,5,adam,0.0001
5,0.04609258845448494,0.04609258845448494,0.16058678925037384,0.03761347383260727,0.03761347383260727,0.14810961484909058,64,5,relu,4,0.1,32,relu,256,5,adam,1e-05
5,0.033445436507463455,0.033445436507463455,0.1326071321964264,0.0245532114058733,0.0245532114058733,0.11463213711977005,64,5,relu,4,0.1,64,relu,256,5,adam,0.001
5,0.026338227093219757,0.026338227093219757,0.1137668788433075,0.017854608595371246,0.017854608595371246,0.09318049252033234,64,5,relu,4,0.1,64,relu,256,5,adam,0.0001
5,0.0389566496014595,0.0389566496014595,0.14401361346244812,0.029362928122282028,0.029362928122282028,0.12691287696361542,64,5,relu,4,0.1,64,relu,256,5,adam,1e-05
5,0.0542323924601078,0.0542323924601078,0.17622309923171997,0.04538378491997719,0.04538378491997719,0.16475807130336761,64,5,relu,8,0.0,32,relu,256,5,adam,0.001
5,0.040702346712350845,0.040702346712350845,0.14813299477100372,0.02939711883664131,0.02939711883664131,0.12942993640899658,64,5,relu,8,0.0,32,relu,256,5,adam,0.0001
5,0.03864528238773346,0.03864528238773346,0.1423017382621765,0.026871563866734505,0.026871563866734505,0.12100186198949814,64,5,relu,8,0.0,32,relu,256,5,adam,1e-05
5,0.01155765075236559,0.01155765075236559,0.06420165300369263,0.00543199060484767,0.00543199060484767,0.043420352041721344,64,5,relu,8,0.0,64,relu,256,5,adam,0.001
5,0.027762340381741524,0.027762340381741524,0.11797924339771271,0.016324281692504883,0.016324281692504883,0.09073027968406677,64,5,relu,8,0.0,64,relu,256,5,adam,0.0001
5,0.022897370159626007,0.022897370159626007,0.103803351521492,0.013870757073163986,0.013870757073163986,0.0808349996805191,64,5,relu,8,0.0,64,relu,256,5,adam,1e-05
5,0.013758315704762936,0.013758315704762936,0.06890047341585159,0.0044091749005019665,0.0044091749005019665,0.036342084407806396,64,5,relu,8,0.05,32,relu,256,5,adam,0.001
5,0.03283971548080444,0.03283971548080444,0.1293855756521225,0.022423988208174706,0.022423988208174706,0.10697011649608612,64,5,relu,8,0.05,32,relu,256,5,adam,0.0001
5,0.03490529581904411,0.03490529581904411,0.1357557773590088,0.02535744570195675,0.02535744570195675,0.11768341064453125,64,5,relu,8,0.05,32,relu,256,5,adam,1e-05
5,0.03361283987760544,0.03361283987760544,0.1327260285615921,0.02362915314733982,0.02362915314733982,0.11226147413253784,64,5,relu,8,0.05,64,relu,256,5,adam,0.001
5,0.03530009463429451,0.03530009463429451,0.13475391268730164,0.026470163837075233,0.026470163837075233,0.11627070605754852,64,5,relu,8,0.05,64,relu,256,5,adam,0.0001
5,0.042886391282081604,0.042886391282081604,0.1540008932352066,0.033789001405239105,0.033789001405239105,0.13927100598812103,64,5,relu,8,0.05,64,relu,256,5,adam,1e-05
5,0.044057123363018036,0.044057123363018036,0.1564829796552658,0.036639511585235596,0.036639511585235596,0.14572696387767792,64,5,relu,8,0.1,32,relu,256,5,adam,0.001
5,0.01950531080365181,0.01950531080365181,0.09149928390979767,0.01013409998267889,0.01013409998267889,0.06437137722969055,64,5,relu,8,0.1,32,relu,256,5,adam,0.0001
5,0.0277081485837698,0.0277081485837698,0.1164572611451149,0.019554322585463524,0.019554322585463524,0.09963665902614594,64,5,relu,8,0.1,32,relu,256,5,adam,1e-05
5,0.03443540632724762,0.03443540632724762,0.13478392362594604,0.024060601368546486,0.024060601368546486,0.11278560757637024,64,5,relu,8,0.1,64,relu,256,5,adam,0.001
5,0.048609472811222076,0.048609472811222076,0.1650344431400299,0.038140084594488144,0.038140084594488144,0.1491284817457199,64,5,relu,8,0.1,64,relu,256,5,adam,0.0001
5,0.022091826424002647,0.022091826424002647,0.09880392253398895,0.013533682562410831,0.013533682562410831,0.0772351622581482,64,5,relu,8,0.1,64,relu,256,5,adam,1e-05
5,0.05259854346513748,0.05259854346513748,0.17380352318286896,0.043859560042619705,0.043859560042619705,0.16233737766742706,64,7,relu,1,0.0,32,relu,256,5,adam,0.001
5,0.031257182359695435,0.031257182359695435,0.1278882771730423,0.02344081550836563,0.02344081550836563,0.11407255381345749,64,7,relu,1,0.0,32,relu,256,5,adam,0.0001
5,0.019495658576488495,0.019495658576488495,0.09072907269001007,0.011878663673996925,0.011878663673996925,0.068734310567379,64,7,relu,1,0.0,32,relu,256,5,adam,1e-05
5,0.05991586297750473,0.05991586297750473,0.18525190651416779,0.05070899799466133,0.05070899799466133,0.17435522377490997,64,7,relu,1,0.0,64,relu,256,5,adam,0.001
5,0.018718598410487175,0.018718598410487175,0.08849120885133743,0.010679020546376705,0.010679020546376705,0.06625887006521225,64,7,relu,1,0.0,64,relu,256,5,adam,0.0001
5,0.013979751616716385,0.013979751616716385,0.07311892509460449,0.00839859340339899,0.00839859340339899,0.05986155942082405,64,7,relu,1,0.0,64,relu,256,5,adam,1e-05
5,0.02304508537054062,0.02304508537054062,0.10402895510196686,0.015374931506812572,0.015374931506812572,0.08294634521007538,64,7,relu,1,0.05,32,relu,256,5,adam,0.001
5,0.04834487661719322,0.04834487661719322,0.1645621955394745,0.03758754953742027,0.03758754953742027,0.14825966954231262,64,7,relu,1,0.05,32,relu,256,5,adam,0.0001
5,0.02728629857301712,0.02728629857301712,0.11636736989021301,0.02022324688732624,0.02022324688732624,0.10134507715702057,64,7,relu,1,0.05,32,relu,256,5,adam,1e-05
5,0.010085009969770908,0.010085009969770908,0.05954127758741379,0.005191815085709095,0.005191815085709095,0.04071304202079773,64,7,relu,1,0.05,64,relu,256,5,adam,0.001
5,0.03776060789823532,0.03776060789823532,0.14315786957740784,0.02927963063120842,0.02927963063120842,0.12779280543327332,64,7,relu,1,0.05,64,relu,256,5,adam,0.0001
5,0.014526835642755032,0.014526835642755032,0.07552187889814377,0.00845336727797985,0.00845336727797985,0.05707867816090584,64,7,relu,1,0.05,64,relu,256,5,adam,1e-05
5,0.05063529685139656,0.05063529685139656,0.16927585005760193,0.04234727472066879,0.04234727472066879,0.15843968093395233,64,7,relu,1,0.1,32,relu,256,5,adam,0.001
5,0.02069840393960476,0.02069840393960476,0.09541512280702591,0.011634527705609798,0.011634527705609798,0.06976363062858582,64,7,relu,1,0.1,32,relu,256,5,adam,0.0001
5,0.02322084829211235,0.02322084829211235,0.10294526815414429,0.015096806921064854,0.015096806921064854,0.08239306509494781,64,7,relu,1,0.1,32,relu,256,5,adam,1e-05
5,0.04331729933619499,0.04331729933619499,0.1541740596294403,0.03502780571579933,0.03502780571579933,0.14169010519981384,64,7,relu,1,0.1,64,relu,256,5,adam,0.001
5,0.024757971987128258,0.024757971987128258,0.109134241938591,0.014836946502327919,0.014836946502327919,0.08520299941301346,64,7,relu,1,0.1,64,relu,256,5,adam,0.0001
5,0.04771577566862106,0.04771577566862106,0.16340835392475128,0.038412485271692276,0.038412485271692276,0.1491091102361679,64,7,relu,1,0.1,64,relu,256,5,adam,1e-05
5,0.008051797747612,0.008051797747612,0.0568213164806366,0.0028421056922525167,0.0028421056922525167,0.04264896363019943,64,7,relu,4,0.0,32,relu,256,5,adam,0.001
5,0.029835646972060204,0.029835646972060204,0.12114894390106201,0.022065745666623116,0.022065745666623116,0.1054302453994751,64,7,relu,4,0.0,32,relu,256,5,adam,0.0001
5,0.022627171128988266,0.022627171128988266,0.1018870398402214,0.013319182209670544,0.013319182209670544,0.07744092494249344,64,7,relu,4,0.0,32,relu,256,5,adam,1e-05
5,0.01444132812321186,0.01444132812321186,0.07457490265369415,0.0075120325200259686,0.0075120325200259686,0.05106617137789726,64,7,relu,4,0.0,64,relu,256,5,adam,0.001
5,0.020511509850621223,0.020511509850621223,0.0951194241642952,0.012232622131705284,0.012232622131705284,0.07250607758760452,64,7,relu,4,0.0,64,relu,256,5,adam,0.0001
5,0.03881741687655449,0.03881742060184479,0.14324799180030823,0.027625147253274918,0.027625147253274918,0.12348726391792297,64,7,relu,4,0.0,64,relu,256,5,adam,1e-05
5,0.050392284989356995,0.050392284989356995,0.1684667021036148,0.04041972756385803,0.04041972756385803,0.1535063534975052,64,7,relu,4,0.05,32,relu,256,5,adam,0.001
5,0.020135657861828804,0.020135657861828804,0.09469618648290634,0.01223443541675806,0.01223443541675806,0.07342533022165298,64,7,relu,4,0.05,32,relu,256,5,adam,0.0001
5,0.029541563242673874,0.029541563242673874,0.12303873151540756,0.02212199941277504,0.02212199941277504,0.10758281499147415,64,7,relu,4,0.05,32,relu,256,5,adam,1e-05
5,0.034977223724126816,0.034977223724126816,0.13588570058345795,0.02466939017176628,0.02466939017176628,0.11599218845367432,64,7,relu,4,0.05,64,relu,256,5,adam,0.001
5,0.03186674788594246,0.03186674788594246,0.12848663330078125,0.02351740002632141,0.02351740002632141,0.11181914061307907,64,7,relu,4,0.05,64,relu,256,5,adam,0.0001
5,0.04908193647861481,0.04908193647861481,0.16475147008895874,0.038052644580602646,0.038052644580602646,0.14736367762088776,64,7,relu,4,0.05,64,relu,256,5,adam,1e-05
5,0.02091667428612709,0.02091667428612709,0.09664606302976608,0.01308788638561964,0.01308788638561964,0.07768914848566055,64,7,relu,4,0.1,32,relu,256,5,adam,0.001
5,0.04350627586245537,0.04350627586245537,0.15502013266086578,0.033655960112810135,0.033655960112810135,0.13879507780075073,64,7,relu,4,0.1,32,relu,256,5,adam,0.0001
5,0.033160023391246796,0.033160023391246796,0.1312555968761444,0.0241668950766325,0.0241668950766325,0.11239925771951675,64,7,relu,4,0.1,32,relu,256,5,adam,1e-05
5,0.036748867481946945,0.036748867481946945,0.14119301736354828,0.028685765340924263,0.028685765340924263,0.12639841437339783,64,7,relu,4,0.1,64,relu,256,5,adam,0.001
5,0.04264514520764351,0.04264514520764351,0.15309707820415497,0.03254326805472374,0.03254326805472374,0.13629008829593658,64,7,relu,4,0.1,64,relu,256,5,adam,0.0001
5,0.03767745569348335,0.03767745569348335,0.14285209774971008,0.029290882870554924,0.029290882870554924,0.12791301310062408,64,7,relu,4,0.1,64,relu,256,5,adam,1e-05
5,0.025076521560549736,0.025076521560549736,0.11027979850769043,0.016946081072092056,0.016946081072092056,0.09104342013597488,64,7,relu,8,0.0,32,relu,256,5,adam,0.001
5,0.0280894972383976,0.0280894972383976,0.11772307753562927,0.019804121926426888,0.019804121926426888,0.09755515307188034,64,7,relu,8,0.0,32,relu,256,5,adam,0.0001
5,0.030765410512685776,0.030765410512685776,0.1243174597620964,0.022586213424801826,0.022586213424801826,0.10865963995456696,64,7,relu,8,0.0,32,relu,256,5,adam,1e-05
5,0.024810679256916046,0.024810679256916046,0.10800618678331375,0.016086436808109283,0.016086436808109283,0.08808953315019608,64,7,relu,8,0.0,64,relu,256,5,adam,0.001
5,0.03670228645205498,0.03670228645205498,0.14068467915058136,0.0267588309943676,0.0267588309943676,0.12274505943059921,64,7,relu,8,0.0,64,relu,256,5,adam,0.0001
5,0.041317760944366455,0.041317760944366455,0.15035812556743622,0.033337198197841644,0.033337198197841644,0.13747277855873108,64,7,relu,8,0.0,64,relu,256,5,adam,1e-05
5,0.00682028429582715,0.00682028429582715,0.051570769399404526,0.0032615894451737404,0.0032615894451737404,0.04026779532432556,64,7,relu,8,0.05,32,relu,256,5,adam,0.001
5,0.0230745617300272,0.0230745617300272,0.10423849523067474,0.015320435166358948,0.015320435166358948,0.08514195680618286,64,7,relu,8,0.05,32,relu,256,5,adam,0.0001
5,0.031143242493271828,0.031143242493271828,0.12591631710529327,0.022602016106247902,0.022602016106247902,0.10866982489824295,64,7,relu,8,0.05,32,relu,256,5,adam,1e-05
5,0.019521202892065048,0.019521202892065048,0.09247078746557236,0.010321959853172302,0.010321959853172302,0.06426148861646652,64,7,relu,8,0.05,64,relu,256,5,adam,0.001
5,0.015954552218317986,0.015954552218317986,0.08141542226076126,0.009457534179091454,0.009457534179091454,0.06084822863340378,64,7,relu,8,0.05,64,relu,256,5,adam,0.0001
5,0.04716620594263077,0.04716620594263077,0.1624830961227417,0.03773559257388115,0.03773559257388115,0.14806678891181946,64,7,relu,8,0.05,64,relu,256,5,adam,1e-05
5,0.03964635729789734,0.03964635729789734,0.14635838568210602,0.029987677931785583,0.029987677931785583,0.12885986268520355,64,7,relu,8,0.1,32,relu,256,5,adam,0.001
5,0.045801788568496704,0.045801788568496704,0.15988890826702118,0.035089120268821716,0.035089120268821716,0.14338749647140503,64,7,relu,8,0.1,32,relu,256,5,adam,0.0001
5,0.03567134588956833,0.03567134588956833,0.13803498446941376,0.02491016872227192,0.02491016872227192,0.11724741756916046,64,7,relu,8,0.1,32,relu,256,5,adam,1e-05
5,0.04812680557370186,0.04812680557370186,0.1633490025997162,0.036597151309251785,0.036597151309251785,0.14564761519432068,64,7,relu,8,0.1,64,relu,256,5,adam,0.001
5,0.026781776919960976,0.026781776919960976,0.11200162768363953,0.018419094383716583,0.018419094383716583,0.0933113843202591,64,7,relu,8,0.1,64,relu,256,5,adam,0.0001
5,0.016583051532506943,0.016583051532506943,0.07993315160274506,0.00944889523088932,0.00944889523088932,0.058053627610206604,64,7,relu,8,0.1,64,relu,256,5,adam,1e-05
